,ID,condition,coords
d491,d491,d,"[[793.5 448.5]
 [808.  443.5]
 [827.  442. ]
 [840.5 425. ]
 [816.5 464.5]
 [812.5 488. ]
 [794.5 483. ]
 [803.5 508.5]
 [815.5 518. ]
 [835.  534.5]
 [844.5 547.5]
 [851.5 569. ]
 [845.  589.5]
 [858.5 601.5]
 [835.5 604.5]
 [826.5 587.5]
 [872.5 578. ]
 [882.  594.5]
 [902.  574. ]
 [893.  557.5]
 [874.  550.5]
 [913.5 554.5]
 [939.  580.5]
 [950.  533. ]
 [971.  523.5]
 [795.5 574.5]
 [819.  573. ]
 [828.5 566.5]
 [801.  537. ]
 [785.5 531. ]
 [815.5 552.5]
 [801.5 596.5]
 [790.  612. ]
 [821.5 611. ]
 [767.  616. ]
 [758.  593.5]
 [757.5 576. ]
 [768.5 558.5]
 [767.  541. ]
 [753.  519.5]
 [739.5 533.5]
 [744.5 563. ]
 [737.  503.5]
 [714.  514. ]
 [724.  485. ]
 [684.  457. ]
 [686.5 485. ]
 [692.  518.5]
 [670.5 521.5]
 [659.5 505.5]
 [631.  518. ]
 [631.  529. ]
 [646.5 534. ]
 [658.5 545.5]
 [674.5 560. ]
 [664.5 566. ]
 [679.  572.5]
 [688.5 592.5]
 [669.  591.5]
 [647.  574. ]
 [636.5 567. ]
 [639.5 598.5]
 [667.5 615. ]
 [702.5 619. ]
 [715.  600. ]
 [725.  604. ]
 [731.5 585.5]
 [713.  575. ]
 [713.  556. ]
 [730.5 612. ]
 [742.5 617. ]
 [739.5 601.5]]"
v6016,v6016,v,"[[1058.  610.]
 [1046.  580.]
 [1014.  594.]
 [1010.  554.]
 [ 976.  580.]
 [ 976.  548.]
 [1028.  658.]
 [1046.  638.]
 [1072.  636.]
 [1118.  626.]
 [1084.  578.]
 [1106.  552.]
 [1092.  528.]
 [1126.  526.]
 [1154.  516.]
 [1130.  486.]
 [1112.  442.]
 [1092.  468.]
 [1058.  488.]
 [1024.  514.]
 [1156.  478.]
 [1188.  456.]
 [1244.  462.]
 [1214.  492.]
 [1188.  538.]
 [1174.  578.]
 [1230.  594.]
 [1180.  658.]
 [1256.  562.]
 [1248.  542.]
 [1196.  612.]]"
d169,d169,d,"[[652.      280.66666]
 [646.      302.66666]
 [645.3333  317.33334]
 [635.3333  298.66666]
 [612.6667  296.66666]
 [632.6667  270.     ]
 [594.6667  284.     ]
 [532.      269.33334]
 [511.33334 280.     ]
 [489.33334 256.     ]
 [478.      287.33334]
 [482.      304.     ]
 [461.33334 306.     ]
 [426.      276.66666]
 [402.66666 319.33334]
 [420.      341.33334]
 [451.33334 332.66666]
 [472.66666 334.66666]
 [487.33334 329.33334]
 [505.33334 333.33334]
 [511.33334 304.66666]
 [532.6667  316.66666]
 [537.3333  341.33334]
 [554.      330.     ]
 [536.6667  356.     ]
 [591.3333  337.33334]
 [575.3333  368.     ]
 [569.3333  393.33334]
 [603.3333  394.     ]
 [608.      367.33334]
 [631.3333  394.     ]
 [640.6667  372.66666]
 [655.3333  398.     ]
 [678.6667  386.66666]
 [671.3333  338.66666]
 [689.3333  295.33334]
 [666.      435.33334]
 [671.3333  472.     ]
 [654.      468.     ]
 [651.3333  486.66666]
 [633.3333  467.33334]
 [614.6667  460.66666]
 [606.6667  447.33334]
 [584.6667  424.66666]
 [542.6667  400.     ]
 [514.6667  375.33334]
 [509.33334 390.66666]
 [498.66666 403.33334]
 [482.66666 402.66666]
 [471.33334 391.33334]
 [488.      359.33334]
 [497.33334 421.33334]
 [484.66666 435.33334]
 [468.      420.     ]
 [458.      458.     ]
 [436.      432.66666]
 [415.33334 422.     ]
 [416.      456.     ]
 [416.      478.66666]
 [388.66666 482.66666]
 [571.3333  317.33334]
 [610.      340.     ]]"
e4050b,e4050b,e,"[[454.5 459. ]
 [429.5 437. ]
 [447.  426. ]
 [428.  418. ]
 [403.5 440. ]
 [387.  444.5]
 [372.5 425. ]
 [385.  462. ]
 [393.5 482. ]
 [405.5 463.5]
 [424.  451. ]
 [424.5 471. ]
 [418.  485. ]
 [410.  504.5]
 [413.  526.5]
 [435.  523. ]
 [442.  509. ]
 [460.  501.5]
 [455.5 522. ]
 [471.  525. ]
 [485.5 507. ]
 [444.5 542. ]
 [431.  550. ]
 [428.5 569. ]
 [429.5 589. ]
 [408.  582. ]
 [414.  557.5]
 [394.5 550. ]
 [377.5 526. ]
 [395.  522. ]
 [382.  499. ]
 [361.  487. ]
 [346.5 464. ]
 [357.  443.5]
 [330.  431.5]
 [304.  435. ]
 [350.  520. ]
 [326.5 538. ]
 [331.  522. ]
 [347.  556. ]
 [372.5 546.5]
 [464.5 588.5]
 [484.  546. ]
 [490.  530.5]
 [462.5 547. ]]"
d2086,d2086,d,"[[206.66667 354.     ]
 [269.33334 375.33334]
 [290.66666 370.     ]
 [326.66666 400.66666]
 [346.6667  380.66666]
 [364.      360.66666]
 [369.3333  390.     ]
 [388.      376.66666]
 [396.      399.33334]
 [381.3333  415.33334]
 [378.6667  438.     ]
 [404.      432.66666]
 [397.3333  448.66666]
 [408.      462.     ]
 [426.6667  476.66666]
 [444.      490.     ]
 [461.3333  514.     ]
 [470.6667  522.     ]
 [477.3333  531.3333 ]
 [490.6667  547.3333 ]
 [510.6667  560.6667 ]
 [524.      579.3333 ]
 [509.3333  530.     ]
 [492.      515.3333 ]
 [488.      494.     ]
 [454.6667  482.     ]
 [449.3333  466.     ]
 [448.      434.     ]
 [425.3333  407.33334]
 [565.3333  604.6667 ]
 [572.      587.3333 ]
 [590.6667  596.6667 ]
 [605.3333  586.     ]
 [633.3333  616.6666 ]
 [645.3333  632.6666 ]
 [710.6667  595.3333 ]
 [545.3333  535.3333 ]
 [537.3333  518.     ]
 [664.      506.     ]
 [678.6667  470.     ]
 [709.3333  492.6667 ]
 [654.6667  460.66666]
 [628.      426.     ]
 [548.      470.     ]
 [566.6667  396.66666]
 [581.3333  368.66666]
 [550.6667  344.66666]
 [530.6667  351.33334]
 [464.      336.66666]
 [605.3333  471.3333 ]]"
e182,e182,e,"[[695.      243.33333]
 [677.      236.66667]
 [668.3333  259.33334]
 [683.      268.     ]
 [651.6667  267.33334]
 [678.3333  287.33334]
 [685.6667  310.     ]
 [689.      332.66666]
 [706.3333  319.33334]
 [716.3333  342.     ]
 [729.      352.     ]
 [757.6667  356.66666]
 [769.      372.     ]
 [759.      390.     ]
 [735.6667  396.     ]
 [715.6667  379.33334]
 [720.3333  393.33334]
 [694.3333  353.33334]
 [675.6667  352.     ]
 [659.      360.     ]
 [637.6667  351.33334]
 [637.      325.33334]
 [627.      314.66666]
 [639.      302.     ]
 [661.6667  302.66666]
 [607.      284.     ]
 [620.3333  292.66666]
 [590.3333  297.33334]
 [575.6667  276.     ]
 [558.3333  282.66666]
 [531.      293.33334]
 [511.      301.33334]
 [527.6667  315.33334]
 [545.      329.33334]
 [556.3333  349.33334]
 [615.      258.     ]
 [596.5     269.     ]
 [531.5     380.     ]
 [551.5     385.     ]
 [546.5     408.5    ]
 [570.5     392.     ]
 [570.5     319.5    ]
 [551.5     307.     ]
 [596.      350.     ]
 [583.      342.5    ]
 [576.5     353.     ]
 [587.5     367.     ]
 [593.      389.     ]
 [605.      407.     ]
 [612.      389.5    ]
 [616.      372.5    ]
 [618.      358.     ]
 [632.      377.     ]
 [653.      384.5    ]
 [640.5     411.     ]
 [668.5     402.     ]
 [662.      424.5    ]
 [677.5     415.     ]
 [695.5     399.5    ]
 [708.5     420.     ]
 [696.5     378.5    ]
 [675.      377.5    ]
 [720.5     306.     ]
 [728.      317.     ]
 [608.      312.5    ]
 [700.5     268.5    ]
 [660.5     329.     ]
 [621.5     341.     ]
 [739.5     371.     ]
 [709.5     295.5    ]
 [713.5     283.     ]
 [721.5     270.5    ]]"
e4017,e4017,e,"[[878.      469.     ]
 [924.      474.     ]
 [914.      495.     ]
 [873.      504.     ]
 [850.      525.     ]
 [868.      521.     ]
 [845.      498.     ]
 [838.      542.     ]
 [861.      547.     ]
 [869.      569.     ]
 [849.      592.     ]
 [849.      565.     ]
 [833.      571.     ]
 [788.      534.     ]
 [775.      529.     ]
 [776.      501.     ]
 [791.      494.     ]
 [775.      470.     ]
 [805.      480.     ]
 [807.      603.     ]
 [822.      621.     ]
 [812.      637.     ]
 [803.      674.     ]
 [793.      645.     ]
 [779.      657.     ]
 [745.      655.     ]
 [740.      684.     ]
 [751.      699.     ]
 [735.      724.     ]
 [723.      739.     ]
 [716.      717.     ]
 [727.      697.     ]
 [700.      683.     ]
 [691.      654.     ]
 [689.      635.     ]
 [709.      638.     ]
 [720.      643.     ]
 [667.      643.     ]
 [654.      646.     ]
 [653.      631.     ]
 [635.      614.     ]
 [610.      627.     ]
 [612.      641.     ]
 [670.      675.     ]
 [657.      676.     ]
 [663.      699.     ]
 [687.      717.     ]
 [916.6666  449.66666]]"
v1036,v1036,v,"[[576.5    496.5   ]
 [593.     489.5   ]
 [601.5    506.5   ]
 [585.     524.5   ]
 [565.5    514.5   ]
 [547.5    526.    ]
 [547.5    550.    ]
 [568.     539.    ]
 [578.     549.    ]
 [592.     541.    ]
 [612.     522.    ]
 [616.5    545.    ]
 [623.     562.    ]
 [623.5    580.5   ]
 [600.     574.5   ]
 [579.5    570.5   ]
 [590.     585.5   ]
 [582.5    600.5   ]
 [588.     613.    ]
 [571.5    616.    ]
 [572.5    634.    ]
 [600.5    648.    ]
 [609.5    620.    ]
 [609.5    601.    ]
 [601.5    667.5   ]
 [607.     690.    ]
 [587.     684.    ]
 [558.5    578.5   ]
 [623.5    595.    ]
 [592.     628.3333]
 [585.3333 657.6667]
 [560.6667 553.    ]
 [604.6667 540.3333]
 [524.6667 552.3333]]"
d2098,d2098,d,"[[644. 521.]
 [648. 542.]
 [663. 557.]
 [672. 542.]
 [666. 524.]
 [685. 583.]
 [693. 555.]
 [708. 607.]
 [719. 593.]
 [734. 605.]
 [726. 626.]
 [764. 649.]
 [784. 647.]
 [778. 669.]
 [790. 685.]
 [808. 699.]
 [830. 699.]
 [818. 677.]
 [830. 668.]
 [851. 699.]
 [851. 670.]
 [880. 680.]
 [876. 649.]
 [862. 629.]
 [829. 635.]
 [823. 626.]
 [798. 629.]
 [810. 603.]
 [794. 600.]
 [784. 586.]
 [756. 584.]
 [750. 601.]
 [732. 573.]
 [718. 565.]
 [707. 546.]
 [689. 533.]
 [702. 526.]
 [680. 513.]
 [690. 499.]
 [672. 477.]
 [694. 474.]
 [695. 452.]
 [717. 459.]
 [679. 461.]
 [736. 458.]
 [732. 479.]
 [732. 504.]
 [738. 521.]
 [720. 528.]
 [770. 549.]
 [783. 565.]
 [789. 545.]
 [779. 533.]
 [804. 566.]
 [810. 584.]
 [840. 618.]
 [851. 602.]
 [826. 573.]
 [816. 532.]
 [793. 519.]
 [793. 503.]
 [782. 492.]
 [772. 505.]
 [758. 499.]
 [765. 462.]
 [774. 443.]
 [735. 402.]
 [734. 376.]
 [723. 344.]
 [735. 354.]
 [747. 325.]
 [819. 492.]
 [816. 551.]
 [776. 621.]]"
v10204,v10204,v,"[[768.6667  416.     ]
 [748.      412.66666]
 [734.      421.33334]
 [708.6667  427.33334]
 [685.3333  445.33334]
 [666.6667  435.33334]
 [660.6667  424.     ]
 [664.6667  406.66666]
 [686.6667  398.66666]
 [710.      394.66666]
 [656.6667  455.33334]
 [632.      492.     ]
 [622.      505.33334]
 [618.6667  470.     ]
 [627.3333  446.66666]
 [623.3333  427.33334]
 [626.      409.33334]
 [632.6667  394.     ]
 [650.      404.     ]
 [626.6667  366.     ]
 [612.      380.66666]
 [588.6667  374.66666]
 [597.3333  348.     ]
 [594.      336.     ]
 [617.3333  338.66666]
 [576.      338.66666]
 [559.3333  350.     ]
 [560.      367.33334]
 [544.      365.33334]
 [526.6667  361.33334]
 [507.33334 349.33334]
 [520.      338.66666]
 [512.6667  322.66666]
 [511.33334 306.66666]
 [489.33334 292.     ]
 [494.66666 311.33334]
 [476.66666 320.66666]
 [467.33334 298.66666]
 [454.      294.     ]
 [491.33334 331.33334]
 [531.3333  304.66666]
 [552.6667  310.66666]
 [549.3333  296.66666]
 [544.      322.66666]
 [570.      316.     ]
 [471.33334 346.66666]
 [474.66666 362.66666]
 [486.      348.66666]
 [493.33334 364.     ]
 [484.66666 372.66666]
 [466.66666 379.33334]
 [452.      368.     ]
 [506.      380.     ]
 [514.6667  371.33334]
 [502.      401.33334]
 [498.66666 415.33334]
 [494.66666 434.66666]
 [510.      450.66666]
 [496.66666 462.     ]
 [521.3333  477.33334]
 [526.      456.66666]
 [522.      430.66666]
 [537.3333  413.33334]
 [548.      453.33334]
 [562.      460.     ]
 [558.6667  443.33334]
 [581.3333  479.3333 ]
 [588.      458.     ]
 [599.3333  489.33334]
 [594.6667  476.66666]
 [605.3333  400.66666]
 [613.3333  445.33334]
 [610.      424.66666]
 [638.6667  340.66666]
 [630.6667  354.     ]
 [725.3333  386.     ]
 [747.3333  390.66666]
 [645.3333  468.66666]]"
e256,e256,e,"[[1218.5  700. ]
 [1216.   712. ]
 [1194.   684.5]
 [1171.   701. ]
 [1145.   686.5]
 [1167.   722. ]
 [1174.   746.5]
 [1161.   756.5]
 [1180.5  763. ]
 [1187.5  775. ]
 [1175.   786. ]
 [1182.5  801. ]
 [1189.5  822.5]
 [1206.5  797. ]
 [1238.   771.5]
 [1229.5  745.5]
 [1257.5  727.5]
 [1203.   751. ]
 [1276.5  738.5]
 [1274.   778.5]
 [1238.5  830.5]
 [1215.5  819. ]
 [1227.   785.5]
 [1133.   807.5]
 [1146.5  783. ]
 [1124.   789.5]
 [1107.   808. ]
 [1085.5  758. ]]"
e4009,e4009,e,"[[663.3333 599.6667]
 [636.6667 614.3333]
 [673.3333 619.6667]
 [689.3333 647.6667]
 [655.3333 669.    ]
 [626.6667 649.    ]
 [646.     699.6667]
 [646.     714.3333]
 [683.3333 706.3333]
 [693.3333 683.6667]
 [712.6667 691.6667]
 [738.6667 695.6667]
 [712.     733.    ]
 [692.     730.3333]
 [690.     762.3333]
 [710.6667 780.3333]
 [761.3333 643.6667]
 [775.3333 664.3333]
 [769.3333 685.6667]
 [802.6667 692.3333]
 [775.3333 707.    ]
 [817.3333 727.6667]
 [836.6667 751.6667]
 [836.     777.    ]
 [795.3333 781.    ]
 [786.     757.6667]
 [656.5    538.    ]
 [694.     565.5   ]]"
v28,v28,v,"[[431.33337  713.      ]
 [416.       697.      ]
 [405.33337  683.      ]
 [344.66666  652.3333  ]
 [326.66666  643.      ]
 [322.66666  667.6667  ]
 [297.33334  669.      ]
 [330.66666  685.6667  ]
 [308.       681.6667  ]
 [276.66666  679.      ]
 [240.66669  628.3333  ]
 [236.       669.6667  ]
 [230.66666  699.6667  ]
 [254.66669  687.      ]
 [237.33331  683.6667  ]
 [302.66666  735.6667  ]
 [341.33334  712.3333  ]
 [366.       698.3333  ]
 [389.33334  719.      ]
 [377.33334  733.      ]
 [386.66666  774.3333  ]
 [368.       779.      ]
 [339.33334  750.3333  ]
 [322.       765.      ]
 [294.66666  800.3333  ]
 [421.33337  733.      ]
 [397.33334  737.6667  ]
 [241.33334  752.3333  ]
 [255.33334  735.6667  ]
 [191.33333  743.6667  ]
 [208.66667  731.6667  ]
 [220.66667  743.6667  ]
 [176.       727.      ]
 [231.33331  791.      ]
 [200.66667  810.3333  ]
 [214.66667  794.3333  ]
 [177.33333  817.6667  ]
 [142.66667  808.3333  ]
 [151.33333  803.      ]
 [111.333336 766.3333  ]
 [123.333336 770.3333  ]
 [ 96.666664 778.3333  ]
 [233.33331  727.6667  ]
 [408.       716.3333  ]
 [190.66667  789.      ]
 [193.33333  767.6667  ]
 [214.66667  665.6667  ]
 [215.33333  683.6667  ]
 [192.       674.3333  ]
 [181.33333  651.6667  ]
 [198.66667  635.6667  ]
 [168.       672.3333  ]
 [184.       707.6667  ]
 [163.33333  713.      ]
 [156.66667  693.6667  ]
 [202.66667  713.      ]
 [217.33333  717.      ]
 [280.       736.3333  ]
 [270.       723.6667  ]
 [247.33331  715.      ]
 [264.66666  703.      ]
 [288.       697.6667  ]
 [246.66666  653.      ]
 [308.       696.3333  ]
 [298.66666  715.6667  ]
 [324.       707.6667  ]
 [329.33334  728.3333  ]
 [316.66666  727.6667  ]
 [344.66666  737.      ]
 [263.33334  635.6667  ]
 [344.       790.3333  ]
 [244.66666  775.6667  ]
 [252.66666  794.3333  ]
 [263.33334  808.3333  ]
 [276.66666  811.6667  ]
 [273.33334  789.      ]
 [292.       779.6667  ]
 [236.66666  805.6667  ]
 [225.33331  771.      ]
 [169.33333  765.6667  ]
 [168.       745.      ]
 [119.333336 813.      ]
 [124.666664 829.6667  ]
 [141.33333  788.3333  ]
 [154.66667  783.      ]
 [414.       751.6667  ]
 [359.33334  732.3333  ]
 [348.       769.      ]
 [298.66666  761.      ]
 [269.33334  772.3333  ]
 [322.       788.3333  ]
 [363.5      718.5     ]
 [369.5      756.      ]
 [140.       765.      ]
 [140.5      740.5     ]
 [156.       729.      ]
 [312.       797.      ]
 [271.       748.5     ]
 [288.5      749.5     ]
 [ 85.       788.      ]
 [342.       677.5     ]
 [368.25     658.      ]]"
e4078,e4078,e,"[[717.     386.    ]
 [678.     377.    ]
 [687.     354.    ]
 [696.     375.    ]
 [692.     411.    ]
 [679.     427.    ]
 [679.     407.    ]
 [655.     398.    ]
 [646.     411.    ]
 [625.     413.    ]
 [633.     395.    ]
 [619.     377.    ]
 [625.     359.    ]
 [644.     375.    ]
 [647.     357.    ]
 [659.     350.    ]
 [599.     369.    ]
 [585.     351.    ]
 [612.     400.    ]
 [627.     455.    ]
 [643.     449.    ]
 [654.     472.    ]
 [659.     490.    ]
 [674.     473.    ]
 [694.     479.    ]
 [710.     466.    ]
 [692.     447.    ]
 [721.     445.    ]
 [720.     425.    ]
 [769.     423.    ]
 [769.     469.    ]
 [776.     479.    ]
 [799.     493.    ]
 [815.     505.    ]
 [787.     527.    ]
 [789.     543.    ]
 [812.     562.    ]
 [761.     581.    ]
 [754.     557.    ]
 [708.     531.3333]
 [703.     551.    ]
 [678.6667 530.6667]
 [693.     508.    ]
 [735.     581.    ]
 [715.     589.    ]
 [707.     578.    ]
 [818.     587.    ]
 [797.     589.    ]
 [817.     611.    ]
 [843.     619.    ]
 [859.     597.    ]
 [875.     618.    ]
 [884.     601.    ]
 [901.     591.    ]
 [879.     642.    ]
 [905.     630.    ]
 [911.     650.    ]
 [934.     639.    ]
 [947.     623.    ]
 [971.     615.    ]
 [934.     603.    ]
 [967.     654.    ]
 [945.     658.    ]
 [875.     561.    ]
 [857.     545.    ]
 [859.     524.    ]
 [897.     555.    ]]"
e227,e227,e,"[[807.  326.5]
 [822.5 313. ]
 [762.5 301. ]
 [705.5 294.5]
 [712.5 321.5]
 [674.  332.5]
 [696.  332.5]
 [661.5 360.5]
 [677.  373. ]
 [696.5 357. ]
 [698.5 382. ]
 [681.5 408. ]
 [686.5 388. ]
 [663.  417. ]
 [686.  437. ]
 [654.  379.5]
 [724.  380. ]
 [741.  388. ]
 [712.5 399. ]
 [707.5 419.5]
 [724.  431. ]
 [706.5 445.5]
 [714.  468.5]
 [693.  476.5]
 [719.5 452.5]
 [743.  441. ]
 [753.  426.5]
 [767.5 424.5]
 [759.5 406.5]
 [772.5 395. ]
 [763.  373. ]
 [755.5 353. ]
 [773.  336.5]
 [780.5 359.5]
 [793.  379.5]
 [798.5 395.5]
 [809.5 380.5]
 [833.5 390. ]
 [802.5 412.5]
 [817.5 403.5]
 [845.  431. ]
 [853.5 457. ]
 [795.5 441. ]
 [808.  462. ]
 [778.5 447.5]
 [764.5 453.5]
 [762.  476. ]
 [813.  472.5]
 [854.5 316. ]]"
v6020,v6020,v,"[[ 516. 3228.]
 [ 534. 3210.]
 [ 480. 3206.]
 [ 498. 3182.]
 [ 480. 3246.]
 [ 486. 3302.]
 [ 524. 3268.]
 [ 536. 3316.]
 [ 498. 3372.]
 [ 466. 3370.]
 [ 434. 3390.]
 [ 462. 3402.]
 [ 424. 3446.]
 [ 404. 3410.]
 [ 370. 3410.]
 [ 336. 3400.]
 [ 342. 3420.]
 [ 312. 3418.]
 [ 284. 3442.]
 [ 388. 3348.]
 [ 412. 3328.]
 [ 424. 3302.]]"
d1003b,d1003b,d,"[[1630. 3422.]
 [1600. 3436.]
 [1562. 3412.]
 [1592. 3408.]
 [1644. 3382.]
 [1616. 3368.]
 [1678. 3418.]
 [1700. 3382.]
 [1714. 3428.]
 [1742. 3406.]
 [1764. 3454.]
 [1738. 3456.]
 [1744. 3486.]
 [1758. 3510.]
 [1780. 3548.]
 [1756. 3558.]
 [1744. 3528.]
 [1718. 3504.]
 [1698. 3476.]
 [1686. 3448.]
 [1670. 3458.]
 [1620. 3496.]
 [1632. 3468.]
 [1594. 3530.]
 [1624. 3536.]
 [1574. 3456.]
 [1550. 3446.]
 [1572. 3498.]
 [1556. 3548.]
 [1578. 3570.]
 [1516. 3528.]
 [1504. 3582.]
 [1532. 3602.]
 [1526. 3622.]
 [1494. 3616.]
 [1480. 3570.]
 [1500. 3712.]
 [1526. 3676.]
 [1590. 3654.]
 [1640. 3618.]
 [1670. 3644.]
 [1708. 3634.]
 [1692. 3600.]
 [1702. 3568.]
 [1744. 3600.]
 [1776. 3622.]
 [1796. 3606.]
 [1794. 3676.]
 [1722. 3692.]
 [1728. 3720.]
 [1692. 3712.]
 [1684. 3688.]
 [1650. 3720.]
 [1606. 3716.]
 [1614. 3694.]
 [1634. 3666.]
 [1580. 3716.]
 [1558. 3734.]
 [1578. 3748.]
 [1558. 3824.]
 [1620. 3782.]
 [1670. 3786.]
 [1698. 3786.]
 [1658. 3756.]
 [1726. 3766.]
 [1758. 3784.]
 [1732. 3818.]
 [1710. 3846.]
 [1668. 3862.]
 [1664. 3824.]
 [1642. 3832.]
 [1646. 3854.]
 [1646. 3868.]
 [1634. 3898.]
 [1588. 3874.]]"
e4005,e4005,e,"[[630.      503.     ]
 [642.6667  525.     ]
 [668.6667  514.3333 ]
 [626.      543.     ]
 [610.      558.3333 ]
 [635.3333  574.3333 ]
 [666.      539.     ]
 [591.3333  593.6667 ]
 [590.      567.6667 ]
 [558.      584.3333 ]
 [566.      608.3333 ]
 [548.6667  617.6667 ]
 [526.      593.6667 ]
 [494.      589.6667 ]
 [565.3333  521.6667 ]
 [568.6667  503.     ]
 [538.      540.3333 ]
 [546.6667  519.6667 ]
 [564.6667  541.     ]
 [588.6667  527.     ]
 [598.6667  508.33334]]"
v1024,v1024,v,"[[600.      629.6667 ]
 [625.3333  630.3333 ]
 [580.      657.6667 ]
 [598.      653.6667 ]
 [616.6667  662.3333 ]
 [606.6667  685.     ]
 [609.3333  703.     ]
 [630.      716.3333 ]
 [651.3333  712.3333 ]
 [587.3333  699.     ]
 [560.      711.6667 ]
 [552.6667  694.3333 ]
 [556.      645.     ]
 [562.      621.6667 ]
 [583.3333  606.3333 ]
 [596.6667  587.6667 ]
 [582.      570.3333 ]
 [555.3333  582.3333 ]
 [587.3333  555.     ]
 [547.3333  549.6667 ]
 [531.3333  531.     ]
 [576.      535.6667 ]
 [586.      521.     ]
 [552.6667  474.33334]
 [525.3333  500.33334]
 [552.6667  452.33334]
 [498.66666 445.66666]
 [538.6667  404.33334]
 [527.3333  390.33334]
 [518.      401.     ]
 [539.3333  352.33334]
 [517.3333  364.33334]
 [492.      373.     ]
 [478.      391.66666]
 [560.      367.66666]
 [604.      540.     ]
 [612.      609.3333 ]
 [544.6667  512.     ]
 [621.      567.     ]
 [532.      456.     ]
 [575.      712.     ]
 [530.      478.     ]
 [581.5     681.     ]
 [621.      489.     ]]"
d513,d513,d,"[[568.3333  454.66666]
 [551.6667  457.33334]
 [548.3333  486.66666]
 [540.3333  470.     ]
 [525.6667  478.     ]
 [517.6667  485.33334]
 [539.      501.33334]
 [507.      517.3333 ]
 [513.      536.     ]
 [503.66666 550.6667 ]
 [498.33334 574.     ]
 [489.66666 542.6667 ]
 [461.66666 544.6667 ]
 [451.66666 592.     ]
 [448.33334 554.6667 ]
 [453.      529.3333 ]
 [451.66666 503.33334]
 [467.66666 507.33334]
 [475.      484.     ]
 [498.33334 495.33334]
 [505.      480.     ]
 [520.3333  502.66666]
 [487.      513.3333 ]
 [517.      464.66666]
 [505.      455.33334]
 [518.3333  446.66666]
 [520.3333  432.     ]
 [538.3333  440.66666]
 [502.33334 414.66666]
 [494.33334 438.66666]
 [485.66666 420.     ]
 [478.33334 450.66666]
 [460.33334 441.33334]
 [446.33334 448.66666]
 [439.66666 466.66666]
 [421.66666 450.     ]
 [405.      484.     ]
 [405.      462.66666]
 [421.66666 496.     ]
 [425.      515.3333 ]
 [419.      537.3333 ]
 [411.66666 573.3333 ]
 [551.6667  378.66666]
 [577.      380.66666]
 [579.      365.33334]
 [573.      322.66666]
 [537.      335.33334]
 [561.      326.     ]
 [539.6667  357.33334]
 [528.3333  371.33334]
 [511.66666 390.     ]
 [509.66666 329.33334]
 [499.      344.66666]
 [513.6667  350.     ]
 [465.66666 327.33334]
 [452.33334 323.33334]
 [449.      338.     ]
 [433.66666 358.     ]
 [427.      376.66666]
 [438.33334 402.66666]
 [475.66666 390.     ]
 [387.66666 435.33334]
 [377.      418.     ]
 [366.33334 441.33334]
 [345.66666 471.33334]
 [331.66666 388.     ]
 [355.66666 374.     ]
 [377.      375.33334]
 [393.66666 376.66666]
 [382.33334 353.33334]
 [399.      353.33334]
 [415.66666 337.33334]
 [405.      304.66666]
 [408.33334 261.33334]
 [454.33334 282.     ]
 [465.      260.     ]
 [481.      280.66666]
 [457.66666 307.33334]]"
e18,e18,e,"[[646.5     281.5    ]
 [623.      304.5    ]
 [608.5     299.5    ]
 [598.      314.5    ]
 [577.5     313.     ]
 [560.5     302.5    ]
 [538.      380.5    ]
 [576.      344.     ]
 [564.5     366.5    ]
 [557.5     392.     ]
 [595.      347.     ]
 [599.      368.     ]
 [605.      398.5    ]
 [607.      418.5    ]
 [617.      376.     ]
 [631.      384.     ]
 [642.5     375.5    ]
 [641.      359.     ]
 [669.5     375.5    ]
 [699.      350.     ]
 [713.      335.5    ]
 [709.5     314.5    ]
 [729.5     314.     ]
 [725.      291.5    ]
 [707.5     284.     ]
 [716.      270.     ]
 [693.5     326.     ]
 [682.5     305.5    ]
 [695.5     293.     ]
 [667.6667  279.     ]
 [656.      310.     ]
 [645.      300.5    ]
 [633.      325.5    ]
 [694.      274.5    ]
 [677.5     289.     ]
 [613.      323.5    ]
 [620.      346.     ]
 [620.      356.5    ]
 [548.5     355.     ]
 [580.5     423.     ]
 [651.      380.66666]
 [594.3333  292.33334]
 [672.3333  354.     ]
 [584.3333  282.33334]]"
e65,e65,e,"[[587.3333  497.33334]
 [589.      420.66666]
 [569.6667  415.33334]
 [632.      585.5    ]
 [615.5     569.     ]
 [593.5     583.5    ]
 [601.      555.5    ]
 [622.      525.5    ]
 [597.5     531.     ]
 [589.      511.5    ]
 [624.5     510.     ]
 [619.5     491.     ]
 [608.      474.5    ]
 [606.      438.     ]
 [680.5     417.     ]
 [686.      459.     ]
 [686.5     488.5    ]
 [672.5     505.5    ]
 [698.      526.5    ]
 [745.      482.     ]
 [715.5     448.5    ]
 [736.5     426.5    ]
 [758.5     446.5    ]
 [678.5     442.     ]
 [539.      476.5    ]
 [696.      502.     ]
 [644.      455.     ]
 [637.      470.     ]
 [655.5     483.     ]
 [622.5     388.5    ]
 [626.      417.     ]
 [591.      454.5    ]
 [628.      542.5    ]
 [635.5     560.     ]
 [616.5     549.     ]
 [659.5     390.5    ]]"
e4049b,e4049b,e,"[[1064.       420.66666]
 [1057.3334   438.     ]
 [1081.3334   438.     ]
 [1092.       430.66666]
 [1109.3334   445.33334]
 [1102.6666   470.66666]
 [1120.       461.33334]
 [1116.6666   484.     ]
 [1135.3334   477.33334]
 [1124.6666   512.     ]
 [1143.3334   520.6667 ]
 [1141.3334   539.3333 ]
 [1140.6666   552.6667 ]
 [1126.       562.6667 ]
 [1137.3334   588.6667 ]
 [1154.6666   646.6667 ]
 [1141.3334   666.6667 ]
 [1093.3334   624.     ]
 [1105.3334   602.6667 ]
 [1080.       593.3333 ]
 [1090.6666   570.     ]
 [1056.6666   595.3333 ]
 [1076.6666   634.6667 ]
 [1044.       610.6667 ]
 [1054.6666   624.     ]
 [1038.6666   574.6667 ]
 [1016.       550.6667 ]
 [1017.3333   520.     ]
 [1021.3333   499.33334]
 [1002.6667   483.33334]
 [1004.6667   464.66666]
 [1006.6667   416.66666]
 [1046.       466.66666]
 [1030.       480.     ]
 [1044.       487.33334]
 [1038.       526.6667 ]
 [1043.3334   511.33334]
 [1050.6666   544.     ]
 [1074.       549.3333 ]
 [1070.       522.6667 ]
 [1076.       498.66666]
 [1074.6666   479.33334]
 [1096.       490.66666]
 [1087.3334   516.6667 ]
 [1099.3334   526.6667 ]
 [1104.6666   544.6667 ]]"
d501,d501,d,"[[1290.3334   482.33334]
 [1295.       462.33334]
 [1272.3334   469.66666]
 [1253.6666   477.66666]
 [1272.3334   495.66666]
 [1281.       517.6667 ]
 [1278.3334   533.6667 ]
 [1266.3334   557.6667 ]
 [1254.3334   523.     ]
 [1246.3334   504.33334]
 [1233.6666   528.3333 ]
 [1225.       501.66666]
 [1223.6666   482.33334]
 [1202.3334   496.33334]
 [1219.       521.6667 ]
 [1214.3334   545.6667 ]
 [1195.6666   531.     ]
 [1205.       569.     ]
 [1225.       568.3333 ]
 [1247.       555.     ]
 [1235.       604.3333 ]
 [1211.       592.3333 ]]"
v270,v270,v,"[[585.5 506.5]
 [612.5 497.5]
 [631.5 490. ]
 [609.  480.5]
 [634.  507. ]
 [637.  525.5]
 [633.5 549.5]
 [656.5 549. ]
 [668.5 518.5]
 [683.  536.5]
 [668.  544. ]
 [673.5 501.5]
 [654.  489. ]
 [699.5 526. ]
 [690.5 513.5]
 [696.  573.5]
 [680.  594.5]
 [679.  624.5]
 [657.5 631.5]
 [604.5 547.5]
 [619.  536. ]
 [624.5 577.5]
 [725.  536. ]
 [696.5 548.5]
 [657.5 580.5]
 [602.  514. ]
 [586.5 531.5]]"
d1003,d1003,d,"[[1282. 1372.]
 [1280. 1330.]
 [1222. 1390.]
 [1228. 1436.]
 [1214. 1438.]
 [1202. 1466.]
 [1216. 1470.]
 [1226. 1502.]
 [1220. 1540.]
 [1194. 1536.]
 [1196. 1510.]
 [1158. 1482.]
 [1166. 1454.]
 [1164. 1426.]
 [1140. 1470.]
 [1132. 1508.]
 [1106. 1504.]
 [1074. 1478.]
 [1076. 1452.]
 [1024. 1474.]
 [1020. 1512.]
 [1060. 1530.]
 [1100. 1536.]
 [1170. 1554.]
 [1200. 1580.]
 [1168. 1604.]
 [1146. 1582.]
 [1124. 1590.]
 [1092. 1578.]
 [1068. 1584.]
 [1222. 1624.]
 [1174. 1638.]
 [1220. 1644.]
 [1144. 1628.]]"
e14,e14,e,"[[ 977.      625.5   ]
 [ 947.      618.    ]
 [ 922.      628.    ]
 [ 973.5     668.    ]
 [ 986.5     640.5   ]
 [1011.5     663.5   ]
 [ 992.      676.    ]
 [ 955.      696.    ]
 [ 944.      678.5   ]
 [ 924.      694.    ]
 [ 928.5     670.5   ]
 [ 936.      723.    ]
 [ 955.      712.    ]
 [ 961.5     733.5   ]
 [ 969.      720.5   ]
 [ 996.5     697.5   ]
 [1009.      686.5   ]
 [1031.5     690.    ]
 [1018.      707.    ]
 [1045.5     701.5   ]
 [1031.      716.5   ]
 [ 994.      724.    ]
 [1049.      719.5   ]
 [1008.      720.    ]
 [1021.      755.5   ]
 [1013.5     776.    ]
 [1050.5     791.    ]
 [1066.5     777.5   ]
 [1083.5     769.    ]
 [1073.      740.    ]
 [1068.5     730.    ]
 [1045.5     754.    ]
 [1041.      736.5   ]
 [ 914.3333  679.6667]
 [1055.      771.5   ]
 [1037.5     768.5   ]
 [1074.      757.    ]
 [ 972.3333  702.6667]
 [ 986.6667  710.3333]
 [ 933.      704.    ]
 [ 910.6667  651.3333]
 [ 966.5     693.5   ]]"
e2590,e2590,e,"[[797.6667  422.66666]
 [774.3333  425.33334]
 [764.6667  446.66666]
 [782.6667  450.66666]
 [784.6667  468.33334]
 [761.6667  465.33334]
 [742.6667  450.33334]
 [751.3333  434.66666]
 [733.      437.33334]
 [735.3333  419.33334]
 [764.3333  415.66666]
 [723.6667  405.33334]
 [721.      418.33334]
 [706.6667  444.     ]
 [693.6667  429.     ]
 [716.6667  464.66666]
 [739.3333  465.33334]
 [708.3333  492.33334]
 [691.6667  481.     ]
 [681.3333  447.     ]
 [666.3333  434.66666]
 [693.6667  461.33334]
 [677.      477.     ]
 [658.6667  471.33334]
 [667.6667  499.33334]
 [687.3333  508.     ]
 [631.3333  479.33334]
 [634.6667  468.66666]
 [651.6667  458.66666]
 [646.3333  440.66666]
 [616.3333  443.66666]
 [592.3333  463.     ]
 [608.      469.33334]
 [610.3333  488.     ]
 [628.3333  515.     ]
 [631.6667  495.33334]
 [602.6667  518.3333 ]
 [567.      496.     ]
 [550.3333  485.     ]
 [588.5     505.     ]
 [688.      410.5    ]
 [681.6667  420.33334]]"
e2140,e2140,e,"[[ 980.3333   375.66666]
 [ 951.6667   409.     ]
 [ 966.       401.33334]
 [ 957.3333   442.66666]
 [ 941.3333   468.66666]
 [ 945.3333   453.66666]
 [ 979.6667   476.66666]
 [ 995.6667   485.66666]
 [1027.3334   434.33334]
 [1034.3334   453.66666]
 [ 990.       419.     ]
 [1009.       406.33334]
 [1001.6667   417.     ]
 [ 990.6667   394.33334]
 [ 985.6667   357.33334]
 [1007.3333   325.     ]
 [ 982.       326.33334]
 [1009.6667   356.66666]
 [1026.3334   366.33334]
 [1039.6666   360.66666]
 [1050.6666   330.33334]
 [1015.3333   284.33334]
 [1000.3333   471.     ]
 [1033.       400.66666]]"
d425,d425,d,"[[357.5 275.5]
 [333.5 261. ]
 [333.5 238. ]
 [345.  225.5]
 [332.5 217. ]
 [360.  226. ]
 [313.5 259.5]
 [295.5 282.5]
 [301.  307. ]
 [296.5 331.5]
 [278.  339. ]
 [292.5 357. ]
 [306.  367. ]
 [318.5 349.5]
 [337.  324.5]
 [323.  309.5]
 [332.5 284.5]
 [374.5 301.5]
 [378.  323. ]
 [360.5 321. ]
 [399.5 291.5]
 [421.5 278.5]
 [398.5 267. ]
 [393.5 251. ]
 [389.5 280. ]
 [278.  304.5]
 [239.  349.5]
 [261.  346.5]
 [263.  365.5]
 [245.  394. ]]"
d525,d525,d,"[[ 887.  325.]
 [ 826.  314.]
 [ 838.  371.]
 [ 820.  385.]
 [ 868.  384.]
 [ 886.  391.]
 [ 891.  374.]
 [ 862.  423.]
 [ 673.  313.]
 [ 665.  333.]
 [ 656.  378.]
 [ 646.  389.]
 [ 603.  426.]
 [ 624.  434.]
 [ 612.  459.]
 [ 644.  455.]
 [ 670.  467.]
 [ 963.  527.]
 [ 937.  515.]
 [ 944.  492.]
 [ 923.  465.]
 [ 923.  503.]
 [ 916.  488.]
 [ 948.  455.]
 [ 972.  439.]
 [ 981.  459.]
 [ 992.  444.]
 [1010.  458.]
 [ 990.  480.]
 [ 996.  503.]
 [ 971.  514.]
 [ 974.  492.]
 [ 968.  501.]
 [1018.  537.]]"
e4087,e4087,e,"[[779.6667  471.     ]
 [787.6667  493.     ]
 [805.6667  486.33334]
 [813.6667  510.33334]
 [787.      528.3333 ]
 [777.      536.3333 ]
 [768.3333  509.66666]
 [757.      471.     ]
 [731.6667  464.33334]
 [734.3333  493.66666]
 [750.3333  520.3333 ]
 [742.3333  539.6667 ]
 [714.3333  525.6667 ]
 [709.      493.66666]
 [706.3333  463.     ]
 [687.6667  463.     ]
 [671.6667  463.     ]
 [651.6667  459.     ]
 [661.      493.     ]
 [676.3333  485.66666]
 [641.6667  496.33334]
 [630.3333  525.6667 ]
 [631.6667  475.     ]
 [609.      401.     ]
 [632.3333  407.     ]
 [638.3333  385.66666]
 [649.      405.66666]
 [669.      392.33334]
 [687.      388.33334]
 [701.      410.33334]
 [675.6667  415.     ]
 [714.3333  395.     ]
 [722.3333  419.     ]
 [713.      429.66666]
 [591.6667  404.33334]
 [697.6667  519.     ]
 [689.      532.3333 ]
 [698.3333  552.3333 ]
 [713.      543.     ]
 [714.3333  567.6667 ]
 [703.6667  584.3333 ]
 [663.      599.6667 ]
 [646.3333  610.3333 ]
 [683.      620.3333 ]
 [700.3333  609.6667 ]
 [679.6667  587.     ]
 [706.3333  626.3333 ]
 [723.6667  615.     ]
 [715.6667  596.3333 ]
 [735.6667  587.     ]
 [759.      577.6667 ]
 [767.6667  555.     ]
 [787.6667  561.6667 ]
 [785.      577.6667 ]
 [777.      592.3333 ]
 [766.3333  607.     ]
 [750.3333  603.     ]
 [718.3333  645.6667 ]]"
v180,v180,v,"[[624.6667  494.     ]
 [678.6667  554.6667 ]
 [692.6667  579.3333 ]
 [676.      618.6667 ]
 [685.3333  634.6667 ]
 [716.6667  632.     ]
 [730.      646.     ]
 [732.      626.     ]
 [729.3333  612.6667 ]
 [746.6667  604.     ]
 [718.      592.6667 ]
 [708.      582.6667 ]
 [706.6667  608.     ]
 [748.6667  578.6667 ]
 [771.3333  597.3333 ]
 [770.      620.     ]
 [766.6667  677.3333 ]
 [760.      665.3333 ]
 [748.6667  711.3333 ]
 [736.      723.3333 ]
 [722.      704.     ]
 [734.      694.6667 ]
 [833.3333  535.3333 ]
 [815.3333  541.3333 ]
 [656.      558.     ]
 [739.3333  760.6667 ]
 [746.6667  790.6667 ]
 [745.3333  678.6667 ]
 [824.3333  511.66666]
 [831.      489.66666]
 [853.      487.66666]
 [864.3333  505.66666]
 [747.6667  628.6667 ]
 [761.      642.6667 ]
 [703.      657.3333 ]
 [748.3333  812.6667 ]
 [845.      466.     ]
 [861.      464.66666]
 [864.3333  443.33334]
 [873.      415.33334]
 [883.6667  395.33334]
 [897.      380.     ]
 [915.      385.33334]
 [915.6666  408.     ]
 [748.3333  658.6667 ]
 [643.      506.66666]]"
e171,e171,e,"[[857.6667 562.6667]
 [822.3333 574.3333]
 [791.3333 598.3333]
 [777.6667 611.    ]
 [781.3333 580.3333]
 [757.     580.3333]
 [738.3333 580.3333]
 [795.     634.6667]
 [830.6667 640.3333]
 [828.3333 666.    ]
 [850.     629.3333]
 [868.     630.6667]
 [867.     602.6667]
 [885.     610.    ]
 [885.6667 631.6667]
 [832.3333 595.3333]
 [814.6667 591.    ]
 [803.6667 554.    ]
 [857.6667 585.3333]
 [829.     611.6667]
 [787.3333 653.3333]
 [816.3333 629.6667]]"
e75,e75,e,"[[678.   635.5 ]
 [701.5  612.  ]
 [707.5  644.5 ]
 [769.5  598.  ]
 [751.   615.  ]
 [739.5  597.  ]
 [714.5  584.  ]
 [703.5  580.  ]
 [676.5  560.5 ]
 [684.5  563.5 ]
 [659.   567.  ]
 [661.   532.  ]
 [692.   546.  ]
 [717.5  537.  ]
 [740.   558.5 ]
 [749.   519.  ]
 [772.   527.5 ]
 [771.5  555.5 ]
 [701.   526.5 ]
 [693.5  517.  ]
 [680.5  514.5 ]
 [696.5  503.  ]
 [663.   469.5 ]
 [674.   451.5 ]
 [671.5  435.  ]
 [697.   434.5 ]
 [703.5  460.5 ]
 [705.5  480.  ]
 [729.5  475.  ]
 [744.   483.5 ]
 [673.   606.5 ]
 [720.5  434.  ]
 [738.5  459.5 ]
 [715.5  400.5 ]
 [700.5  402.5 ]
 [692.5  391.5 ]
 [691.5  379.5 ]
 [692.   671.  ]
 [725.5  409.25]]"
d572,d572,d,"[[495. 512.]
 [457. 490.]
 [447. 506.]
 [437. 493.]
 [429. 540.]
 [450. 552.]
 [421. 564.]
 [438. 586.]
 [649. 579.]
 [649. 553.]
 [622. 526.]
 [639. 512.]
 [598. 523.]
 [581. 501.]
 [594. 469.]
 [621. 472.]
 [615. 443.]
 [599. 418.]
 [569. 462.]
 [493. 434.]
 [473. 434.]
 [553. 392.]
 [491. 408.]
 [507. 466.]
 [469. 470.]
 [449. 603.]
 [433. 609.]
 [421. 626.]
 [400. 628.]
 [389. 613.]
 [377. 628.]
 [383. 645.]
 [385. 597.]
 [437. 655.]
 [418. 646.]
 [395. 680.]
 [447. 694.]
 [457. 728.]
 [452. 750.]
 [478. 657.]
 [461. 638.]
 [473. 616.]
 [491. 604.]
 [507. 618.]
 [489. 631.]
 [497. 652.]
 [481. 682.]
 [484. 717.]
 [489. 736.]
 [515. 739.]
 [508. 716.]
 [513. 682.]
 [531. 684.]
 [548. 673.]
 [526. 644.]
 [549. 651.]
 [557. 627.]
 [571. 548.]
 [568. 533.]
 [547. 534.]
 [559. 561.]
 [576. 576.]
 [599. 580.]
 [617. 568.]
 [605. 600.]
 [623. 592.]
 [623. 605.]
 [600. 613.]
 [588. 678.]
 [565. 705.]
 [552. 721.]
 [523. 774.]
 [511. 792.]
 [505. 765.]
 [530. 794.]
 [539. 774.]
 [555. 790.]
 [589. 793.]
 [603. 785.]
 [605. 764.]
 [636. 763.]
 [633. 724.]
 [661. 725.]
 [639. 680.]
 [667. 694.]
 [687. 672.]
 [665. 622.]
 [711. 604.]
 [735. 582.]
 [745. 597.]
 [741. 542.]
 [698. 548.]
 [681. 527.]
 [675. 501.]
 [693. 464.]
 [720. 497.]
 [739. 670.]
 [753. 690.]
 [778. 684.]
 [771. 662.]
 [718. 652.]
 [715. 703.]
 [693. 712.]
 [723. 726.]
 [735. 714.]
 [763. 724.]
 [781. 729.]
 [753. 753.]
 [692. 773.]
 [659. 766.]
 [646. 782.]]"
e291,e291,e,"[[743.5 436.5]
 [739.5 423.5]
 [728.  437. ]
 [755.  437.5]
 [741.5 476.5]
 [729.  454.5]
 [713.5 458. ]
 [714.5 480. ]
 [696.5 466. ]
 [675.5 468.5]
 [661.5 478.5]
 [668.  507.5]
 [679.5 527.5]
 [662.  542.5]
 [668.  559. ]
 [725.5 517.5]
 [737.5 562. ]
 [740.  549. ]
 [754.5 552.5]
 [762.  534.5]
 [778.5 496. ]
 [756.5 491.5]
 [727.5 580.5]
 [686.5 565.5]
 [680.5 448.5]
 [672.5 581. ]]"
e2050,e2050,e,"[[1039.   185.5]
 [1009.5  212. ]
 [1021.   228. ]
 [1114.5  301.5]
 [1121.   320. ]
 [1079.   295.5]
 [1079.   319. ]
 [1058.   327. ]
 [1049.   315.5]
 [1034.5  280. ]
 [1014.   264.5]
 [ 995.5  286.5]
 [ 997.5  313. ]
 [1015.5  314. ]
 [1024.   299. ]
 [1034.5  311. ]
 [1024.   333.5]
 [1005.5  332. ]
 [ 997.5  352. ]
 [1020.   358.5]
 [1044.5  351.5]
 [1055.   373.5]
 [1039.   382.5]
 [1053.   394. ]
 [1033.5  406.5]
 [1051.   415.5]
 [1069.5  416.5]
 [1050.   445.5]
 [1084.5  398.5]
 [1080.5  375. ]
 [1011.   411. ]
 [1008.5  397.5]]"
e2150,e2150,e,"[[929.      490.     ]
 [926.5     512.5    ]
 [928.5     534.     ]
 [906.      552.5    ]
 [865.      549.     ]
 [856.      531.     ]
 [838.5     544.     ]
 [790.5     653.5    ]
 [826.      529.5    ]
 [830.5     563.5    ]
 [856.      570.5    ]
 [966.      545.     ]
 [964.6667  568.3333 ]
 [970.6667  585.6667 ]
 [992.      598.3333 ]
 [961.3333  621.     ]
 [944.      597.     ]
 [933.3333  617.6667 ]
 [943.3333  633.     ]
 [960.      657.6667 ]
 [978.6667  657.     ]
 [934.6667  670.3333 ]
 [938.6667  648.3333 ]
 [918.6667  649.6667 ]
 [904.      636.3333 ]
 [896.      616.3333 ]
 [876.      609.     ]
 [888.6667  592.3333 ]
 [885.3333  567.6667 ]
 [918.      589.6667 ]
 [869.3333  587.     ]
 [852.6667  606.3333 ]
 [861.3333  627.6667 ]
 [854.      652.3333 ]
 [844.      667.     ]
 [824.6667  614.3333 ]
 [816.6667  605.     ]
 [794.6667  585.     ]
 [834.      579.     ]
 [781.3333  612.3333 ]
 [808.6667  628.3333 ]
 [769.3333  644.3333 ]
 [767.3333  665.     ]
 [768.      624.3333 ]
 [966.6667  635.     ]
 [929.3333  569.6667 ]
 [920.      574.3333 ]
 [916.      559.     ]
 [898.      478.33334]
 [926.5     461.75   ]
 [904.75    436.75   ]
 [879.      480.5    ]
 [867.25    489.25   ]
 [851.25    507.     ]]"
e173,e173,e,"[[684.  445. ]
 [683.  464.5]
 [699.  460.5]
 [664.  464.5]
 [662.5 448. ]
 [654.  427.5]
 [637.  424. ]
 [622.  446.5]
 [601.  452. ]
 [667.  497. ]
 [694.5 514. ]
 [707.  526.5]
 [719.  542. ]
 [717.5 512. ]
 [721.5 492. ]
 [741.5 501. ]
 [749.5 477.5]
 [752.  461.5]
 [747.  443. ]
 [723.  473.5]
 [732.5 520. ]
 [735.  460. ]]"
e51,e51,e,"[[773.5 530.5]
 [692.5 559.5]
 [668.  586.5]
 [608.  532. ]
 [771.  553.5]
 [713.  567. ]
 [666.  573. ]
 [638.  571.5]
 [622.  564.5]
 [598.5 566. ]
 [579.  579. ]
 [635.5 541. ]
 [631.5 521. ]
 [662.5 513.5]
 [663.  495.5]
 [645.5 478. ]
 [646.5 456. ]
 [650.5 436.5]
 [670.  440. ]
 [679.5 455.5]
 [704.  473.5]
 [692.5 494. ]
 [725.  473. ]
 [716.  449. ]
 [698.  433.5]
 [690.  420. ]
 [737.5 450. ]
 [747.5 459.5]
 [780.5 467.5]
 [768.5 484. ]
 [757.  502.5]
 [744.  496.5]
 [722.  521. ]
 [695.5 515. ]
 [719.5 543.5]
 [799.  534. ]
 [797.  521.5]
 [797.  505.5]
 [817.5 502.5]
 [803.5 461.5]
 [795.  461. ]
 [766.5 399. ]
 [787.5 394.5]
 [780.5 374. ]
 [804.  346. ]
 [821.  335. ]
 [837.5 334. ]
 [876.  341. ]
 [856.5 344. ]
 [865.5 376.5]
 [933.  372.5]
 [913.5 350.5]
 [899.5 330.5]
 [912.  420. ]
 [902.5 409. ]
 [880.5 402.5]
 [859.5 418. ]
 [876.  436. ]
 [848.  439. ]
 [827.5 446.5]
 [849.5 488.5]
 [851.5 468. ]
 [872.  491. ]
 [831.  530. ]
 [808.  416. ]
 [810.  397.5]
 [836.5 412.5]
 [891.  448.5]
 [930.  394. ]
 [746.  480.5]
 [745.5 522. ]
 [778.  509. ]]"
d1910,d1910,d,"[[739. 584.]
 [757. 575.]
 [775. 585.]
 [787. 603.]
 [782. 625.]
 [798. 621.]
 [813. 651.]
 [855. 649.]
 [855. 629.]
 [818. 613.]
 [830. 607.]
 [849. 606.]
 [846. 589.]
 [703. 554.]
 [699. 506.]
 [783. 544.]
 [785. 560.]
 [792. 579.]
 [809. 587.]
 [882. 586.]
 [901. 619.]
 [838. 576.]
 [842. 560.]
 [857. 545.]
 [821. 566.]
 [813. 551.]
 [808. 536.]
 [802. 520.]
 [826. 534.]
 [868. 498.]]"
v4131,v4131,v,"[[695.6667  553.3333 ]
 [715.6667  550.6667 ]
 [719.      578.     ]
 [724.3333  602.     ]
 [742.3333  605.3333 ]
 [734.3333  626.6667 ]
 [687.6667  616.6667 ]
 [700.3333  591.3333 ]
 [689.6667  571.3333 ]
 [688.3333  595.3333 ]
 [671.6667  598.6667 ]
 [657.      616.     ]
 [644.3333  640.6667 ]
 [657.6667  652.     ]
 [690.3333  641.3333 ]
 [683.6667  676.6667 ]
 [689.      693.3333 ]
 [660.3333  678.6667 ]
 [638.3333  704.6667 ]
 [667.6667  720.6667 ]
 [627.6667  675.3333 ]
 [617.6667  622.     ]
 [583.6667  622.6667 ]
 [588.3333  600.     ]
 [595.6667  584.6667 ]
 [573.      584.     ]
 [558.3333  594.6667 ]
 [548.3333  607.3333 ]
 [536.3333  593.3333 ]
 [571.      634.6667 ]
 [561.6667  544.6667 ]
 [540.3333  553.3333 ]
 [533.6667  535.3333 ]
 [530.3333  510.     ]
 [555.      512.6667 ]
 [546.3333  501.33334]
 [534.3333  484.     ]
 [532.3333  462.     ]
 [557.6667  476.66666]
 [565.      495.33334]
 [571.6667  516.6667 ]
 [477.33334 438.66666]
 [496.      431.33334]]"
e4097,e4097,e,"[[582.     671.    ]
 [605.3333 673.    ]
 [678.6667 659.3333]
 [684.6667 631.3333]
 [644.     672.    ]
 [634.6667 652.    ]
 [621.3333 642.    ]
 [624.     681.3333]
 [603.3333 693.3333]
 [622.6667 712.    ]
 [644.6667 704.6667]
 [638.     726.6667]
 [649.3333 752.    ]
 [626.     758.6667]
 [607.3333 727.3333]
 [600.6667 739.3333]
 [588.     752.    ]
 [566.6667 754.    ]
 [542.6667 732.6667]
 [564.     785.3333]
 [584.     792.6667]
 [598.6667 800.6667]
 [612.     784.6667]
 [630.6667 781.3333]
 [626.6667 802.    ]
 [621.3333 815.3333]
 [622.     841.3333]
 [606.     840.6667]
 [587.3333 826.6667]
 [579.3333 842.6667]
 [586.6667 858.    ]
 [590.6667 890.6666]
 [609.3333 865.3333]
 [625.3333 880.6667]
 [634.6667 863.3333]
 [638.6667 882.6667]
 [652.6667 877.3333]
 [663.3333 897.3333]
 [650.6667 908.6667]
 [634.6667 904.6667]
 [612.6667 912.6667]
 [635.3333 928.6667]
 [666.     930.    ]
 [678.     918.6667]
 [684.6667 906.    ]
 [695.3333 938.    ]
 [710.     926.6667]
 [724.6667 932.6667]
 [743.3333 930.    ]
 [714.     944.    ]
 [768.     930.    ]
 [760.6667 917.3333]
 [758.     903.3333]
 [810.     939.3333]
 [800.     962.6667]
 [736.6667 886.6667]
 [706.     862.    ]
 [687.3333 838.    ]
 [667.3333 832.6667]
 [672.     812.6667]
 [664.6667 788.    ]
 [688.     806.6667]
 [697.3333 794.    ]
 [708.     808.    ]
 [728.     803.3333]
 [723.3333 784.6667]
 [737.3333 780.    ]
 [685.3333 762.    ]
 [675.3333 744.6667]
 [659.3333 816.6667]
 [640.6667 820.    ]
 [646.6667 794.6667]
 [676.     855.3333]
 [738.     836.    ]
 [664.     607.3333]
 [654.6667 650.    ]
 [647.3333 628.    ]
 [544.6667 707.3333]]"
e2770,e2770,e,"[[692.3333  515.6667 ]
 [676.6667  511.33334]
 [673.3333  540.     ]
 [691.6667  538.3333 ]
 [705.6667  545.6667 ]
 [722.6667  536.3333 ]
 [694.      569.6667 ]
 [672.6667  557.     ]
 [677.3333  590.     ]
 [702.      607.     ]
 [708.      636.6667 ]
 [721.6667  652.6667 ]
 [722.      612.     ]
 [713.6667  579.6667 ]
 [690.3333  624.3333 ]
 [727.      598.6667 ]
 [631.      550.3333 ]
 [655.      538.     ]
 [634.      529.3333 ]
 [650.      513.3333 ]
 [633.6667  510.33334]
 [618.3333  501.33334]
 [636.      489.33334]
 [652.      478.     ]
 [652.3333  465.66666]
 [657.3333  493.     ]
 [616.      525.     ]
 [594.      541.3333 ]
 [580.      537.6667 ]
 [581.      512.     ]
 [594.      520.     ]
 [600.3333  492.66666]
 [604.3333  509.     ]
 [587.3333  491.66666]
 [570.6667  485.33334]
 [587.3333  471.33334]
 [606.3333  469.33334]
 [614.6667  487.33334]
 [627.      469.66666]
 [621.      452.33334]
 [644.6667  461.66666]
 [620.3333  435.33334]
 [586.6667  452.     ]
 [581.3333  465.66666]
 [559.3333  462.66666]
 [576.      446.66666]
 [564.3333  446.66666]
 [660.3333  437.33334]
 [651.      450.66666]
 [633.3333  424.33334]
 [610.3333  421.33334]
 [573.3333  430.66666]
 [613.6667  406.33334]
 [579.3333  415.33334]]"
e262,e262,e,"[[635.5 406.5]
 [636.5 425. ]
 [633.  444.5]
 [617.5 435. ]
 [630.5 466. ]
 [592.5 480. ]
 [598.  500. ]
 [573.5 488.5]
 [567.  471. ]
 [553.5 486.5]
 [582.  405. ]
 [586.  419. ]
 [599.5 423.5]
 [610.  457. ]
 [580.  379. ]
 [561.  368. ]
 [559.5 389.5]
 [541.  367.5]
 [588.  441. ]
 [615.5 416.5]
 [551.5 437.5]
 [621.  480.5]]"
e201,e201,e,"[[742.3333 587.3333]
 [744.6667 602.    ]
 [730.6667 607.    ]
 [729.6667 624.6667]
 [708.3333 612.3333]
 [718.3333 601.3333]
 [711.3333 589.    ]
 [682.     576.6667]
 [684.6667 590.6667]
 [687.6667 604.6667]
 [688.6667 620.    ]
 [701.     634.3333]
 [680.     643.3333]
 [691.     656.    ]
 [701.6667 667.6667]
 [709.     649.3333]
 [721.3333 659.    ]
 [709.6667 680.    ]
 [729.     673.    ]
 [716.3333 696.    ]
 [692.     687.6667]
 [684.     705.6667]
 [704.3333 691.3333]
 [745.6667 664.3333]
 [731.6667 642.    ]
 [752.6667 632.6667]
 [755.3333 615.3333]
 [776.6667 630.6667]
 [792.3333 641.6667]
 [753.3333 683.    ]
 [768.3333 694.    ]
 [760.3333 644.3333]
 [740.3333 652.6667]
 [766.3333 670.6667]
 [770.6667 611.3333]
 [757.3333 594.6667]
 [721.6667 566.6667]
 [740.     572.6667]
 [716.3333 626.6667]
 [795.     655.6667]]"
v6006,v6006,v,"[[1960. 3184.]
 [1914. 3210.]
 [1894. 3174.]
 [1874. 3218.]
 [1814. 3230.]
 [1798. 3262.]
 [1780. 3288.]
 [1968. 3246.]
 [1950. 3280.]
 [1992. 3210.]
 [2002. 3174.]]"
e4052,e4052,e,"[[434.      414.     ]
 [413.33334 416.66666]
 [428.66666 395.33334]
 [438.      380.66666]
 [459.33334 392.66666]
 [445.33334 402.66666]
 [473.33334 408.66666]
 [481.33334 417.33334]
 [484.66666 392.     ]
 [504.      405.33334]
 [507.33334 392.66666]
 [501.33334 422.66666]
 [508.      442.     ]
 [487.33334 448.66666]
 [470.      436.     ]
 [458.66666 423.33334]
 [451.33334 433.33334]
 [456.      452.     ]
 [436.66666 449.33334]
 [436.66666 472.66666]
 [452.      469.33334]
 [450.      490.66666]
 [432.66666 498.66666]
 [464.      509.33334]
 [452.66666 519.3333 ]
 [484.      492.66666]
 [478.66666 475.33334]
 [494.      466.66666]
 [510.      475.33334]
 [500.66666 486.66666]
 [497.33334 506.     ]
 [512.      500.     ]
 [533.3333  501.33334]
 [527.3333  538.6667 ]
 [512.6667  524.6667 ]
 [502.      544.6667 ]
 [485.33334 528.6667 ]
 [483.33334 544.     ]
 [469.33334 538.     ]
 [462.66666 545.3333 ]
 [475.33334 559.3333 ]
 [450.66666 558.     ]
 [439.33334 543.3333 ]
 [460.66666 576.6667 ]
 [480.66666 599.3333 ]
 [454.      598.6667 ]
 [463.33334 608.6667 ]
 [490.66666 646.6667 ]
 [475.33334 635.3333 ]
 [489.33334 627.3333 ]
 [517.3333  593.3333 ]
 [526.6667  582.6667 ]
 [523.3333  566.6667 ]
 [535.3333  556.6667 ]
 [548.      556.6667 ]
 [556.6667  542.     ]
 [560.      519.3333 ]
 [538.6667  519.3333 ]
 [593.3333  552.6667 ]
 [561.3333  585.3333 ]
 [572.      575.3333 ]
 [586.      563.3333 ]
 [576.6667  588.6667 ]
 [562.      607.3333 ]
 [586.      603.3333 ]
 [588.6667  620.     ]
 [589.3333  594.6667 ]
 [599.3333  578.6667 ]
 [608.      603.3333 ]
 [605.3333  630.6667 ]
 [626.6667  635.3333 ]
 [427.33334 541.3333 ]]"
e270,e270,e,"[[731.  471.5]
 [743.5 456. ]
 [759.5 439. ]
 [772.  458.5]
 [737.5 434.5]
 [713.  421. ]
 [704.5 433. ]
 [690.  419. ]
 [701.  378. ]
 [680.  378.5]
 [660.  392.5]
 [656.5 373. ]
 [679.  403.5]
 [665.5 410.5]
 [643.  404.5]
 [620.5 392. ]
 [640.5 425. ]
 [666.  431. ]
 [671.  453.5]
 [687.5 443.5]
 [677.5 475. ]
 [690.  461. ]
 [709.  457. ]
 [712.  477.5]
 [691.5 481. ]
 [658.5 478.5]
 [658.5 459.5]
 [657.  444.5]
 [696.  509. ]
 [710.  505.5]
 [702.5 524.5]
 [688.  493.5]
 [742.5 509.5]
 [761.5 498. ]
 [771.  480.5]
 [797.5 480. ]
 [793.  514. ]
 [816.  511.5]
 [800.5 538. ]
 [777.  526. ]
 [765.5 539.5]
 [758.5 560. ]
 [737.  561.5]
 [718.5 556.5]
 [725.5 574.5]
 [793.5 572.5]
 [778.5 584.5]
 [809.5 585.5]
 [832.  556.5]
 [806.5 605. ]
 [835.  599.5]
 [624.  426. ]
 [628.  441.5]
 [759.  513.5]
 [730.  522.5]
 [854.5 618.5]
 [840.5 634.5]
 [703.5 544. ]
 [741.5 490.5]
 [751.5 472.5]]"
e313,e313,e,"[[ 953.3333   261.66666]
 [ 952.6667   287.     ]
 [ 938.       277.     ]
 [ 928.       263.66666]
 [ 919.3333   249.66667]
 [ 870.       249.66667]
 [ 874.6667   264.33334]
 [ 895.3333   251.66667]
 [ 897.3333   274.33334]
 [ 893.3333   293.     ]
 [ 866.       283.     ]
 [ 846.       287.66666]
 [ 865.3333   313.66666]
 [ 878.       345.66666]
 [ 906.6667   342.33334]
 [ 900.6667   315.     ]
 [ 923.3333   325.     ]
 [ 940.6667   333.66666]
 [ 946.6667   311.66666]
 [ 928.6667   297.     ]
 [ 931.3333   285.     ]
 [ 969.3333   316.33334]
 [ 973.3333   275.66666]
 [1000.6667   259.     ]
 [1029.3334   275.66666]
 [1022.6667   287.66666]
 [1035.3334   297.     ]
 [1036.6666   325.     ]
 [1016.6667   317.66666]
 [1059.3334   333.     ]
 [1059.3334   308.33334]
 [1060.       317.     ]
 [1075.3334   324.33334]
 [1092.6666   311.66666]
 [1119.3334   346.33334]
 [1109.3334   317.66666]
 [1092.       345.66666]
 [1135.3334   334.33334]
 [ 912.6667   289.     ]
 [1011.       302.66666]
 [1073.6666   307.     ]
 [1078.       342.     ]
 [ 889.       334.66666]]"
e213,e213,e,"[[602.  603.5]
 [617.  616.5]
 [620.  595. ]
 [633.  605. ]
 [634.5 632.5]
 [649.5 617. ]
 [673.  651.5]
 [692.  658. ]
 [692.  683. ]
 [672.5 674. ]
 [728.  684.5]
 [693.5 636.5]
 [665.5 629.5]
 [662.5 595. ]
 [644.  591. ]
 [629.5 572.5]
 [612.  579. ]
 [593.  577. ]
 [586.5 597. ]
 [583.  569. ]
 [565.  574.5]
 [556.  556.5]
 [572.  547. ]
 [562.5 526. ]
 [579.5 523. ]
 [539.5 524. ]
 [547.5 537.5]
 [586.5 506.5]
 [603.5 519.5]
 [595.  529. ]
 [595.5 548.5]
 [611.5 538.5]
 [618.  555.5]
 [628.5 529. ]
 [630.5 545.5]
 [615.  524. ]
 [600.5 491. ]
 [586.5 482. ]
 [585.  451.5]
 [595.  425.5]
 [618.5 451.5]
 [637.  481.5]
 [668.5 500.5]
 [672.  531. ]
 [687.5 557. ]
 [702.  574.5]
 [718.  585. ]
 [713.5 602. ]
 [696.  599.5]
 [679.5 585.5]
 [676.5 568. ]
 [653.5 534.5]
 [660.5 552. ]
 [657.5 576. ]
 [647.  565. ]
 [572.  487.5]
 [705.5 637. ]
 [648.  512.5]
 [610.5 475.5]
 [565.5 472. ]
 [565.5 496. ]
 [553.5 507.5]
 [761.5 643.5]
 [654.  636. ]]"
d593,d593,d,"[[842. 583.]
 [815. 583.]
 [831. 618.]
 [810. 617.]
 [792. 606.]
 [775. 629.]
 [790. 642.]
 [801. 665.]
 [784. 665.]
 [792. 683.]
 [799. 707.]
 [803. 720.]
 [811. 688.]
 [823. 704.]
 [821. 670.]
 [852. 621.]
 [859. 602.]
 [883. 598.]
 [877. 639.]
 [855. 658.]
 [854. 687.]
 [847. 728.]
 [830. 744.]
 [845. 758.]
 [877. 762.]
 [917. 767.]
 [908. 744.]
 [931. 733.]
 [946. 738.]
 [970. 709.]
 [959. 690.]
 [938. 673.]
 [929. 686.]
 [905. 692.]
 [901. 668.]
 [885. 691.]
 [892. 710.]
 [881. 667.]
 [916. 633.]
 [937. 631.]]"
v6014,v6014,v,"[[ 924. 2652.]
 [ 963. 2640.]
 [ 936. 2709.]
 [ 855. 2634.]]"
e2230,e2230,e,"[[633.      649.6667 ]
 [679.6667  697.6667 ]
 [703.      694.3333 ]
 [696.3333  659.6667 ]
 [718.3333  654.3333 ]
 [733.      667.6667 ]
 [733.      692.3333 ]
 [755.      657.6667 ]
 [747.      629.     ]
 [724.3333  626.3333 ]
 [702.3333  631.     ]
 [686.3333  647.6667 ]
 [676.3333  621.6667 ]
 [681.      601.     ]
 [701.      609.     ]
 [717.      575.     ]
 [729.6667  553.     ]
 [753.      550.3333 ]
 [770.3333  575.6667 ]
 [753.      603.6667 ]
 [775.6667  603.     ]
 [782.3333  563.     ]
 [781.      527.6667 ]
 [792.3333  537.     ]
 [746.3333  525.6667 ]
 [753.      490.33334]
 [753.      473.66666]
 [766.3333  484.33334]
 [766.3333  463.     ]
 [786.3333  436.33334]
 [787.      466.33334]
 [787.      491.     ]
 [757.      427.     ]
 [734.3333  437.     ]
 [732.3333  415.     ]
 [713.6667  409.     ]
 [705.6667  396.33334]
 [697.      415.66666]
 [707.6667  439.66666]
 [715.6667  465.66666]
 [686.3333  531.6667 ]
 [706.3333  526.3333 ]
 [693.      505.66666]
 [676.3333  485.     ]
 [685.6667  459.66666]
 [655.      467.66666]
 [647.6667  483.66666]
 [624.3333  451.66666]
 [613.6667  441.66666]
 [634.3333  441.66666]
 [637.6667  427.     ]
 [635.6667  390.33334]
 [674.3333  341.66666]
 [707.6667  331.     ]
 [691.      349.66666]
 [683.6667  379.66666]
 [679.      413.66666]
 [716.3333  362.33334]
 [723.      372.33334]
 [723.6667  345.66666]
 [745.      331.     ]
 [640.3333  529.6667 ]
 [622.3333  534.3333 ]
 [606.3333  555.6667 ]
 [598.3333  586.3333 ]
 [613.      614.3333 ]
 [623.      621.6667 ]
 [629.      638.3333 ]
 [635.6667  595.     ]
 [642.3333  615.     ]
 [638.3333  576.3333 ]
 [621.6667  583.6667 ]
 [639.6667  557.     ]
 [654.3333  560.3333 ]
 [677.6667  557.     ]
 [693.      567.6667 ]
 [657.6667  642.3333 ]
 [622.3333  663.6667 ]
 [775.6667  648.3333 ]
 [767.6667  627.6667 ]
 [792.3333  623.6667 ]
 [815.      482.33334]
 [763.5     540.5    ]
 [603.5     523.5    ]
 [632.      513.     ]
 [619.      480.     ]]"
d120,d120,d,"[[738.      392.33334]
 [713.3333  405.66666]
 [723.3333  415.66666]
 [686.      406.33334]
 [694.6667  451.66666]
 [656.6667  450.33334]
 [628.6667  460.33334]
 [622.6667  494.33334]
 [631.3333  525.     ]
 [662.      509.     ]
 [650.      485.     ]
 [660.6667  497.66666]
 [646.      506.33334]
 [680.      477.66666]
 [767.3333  515.6667 ]
 [814.      507.66666]
 [826.6667  477.66666]
 [802.      469.     ]
 [795.3333  451.     ]
 [818.      451.66666]
 [837.3333  436.33334]
 [826.6667  421.     ]
 [784.6667  428.33334]
 [762.6667  430.33334]
 [744.6667  422.33334]
 [742.6667  445.     ]
 [728.      465.66666]
 [756.      463.     ]
 [772.6667  455.66666]
 [693.3333  498.33334]
 [740.6667  493.66666]
 [720.      487.66666]
 [738.      519.     ]
 [712.6667  433.66666]
 [680.6667  435.     ]
 [715.625   511.625  ]]"
e4019,e4019,e,"[[811. 258.]
 [811. 231.]
 [786. 233.]
 [795. 256.]
 [753. 276.]
 [739. 257.]
 [742. 291.]
 [726. 294.]
 [701. 309.]
 [716. 346.]
 [735. 339.]
 [760. 346.]
 [769. 314.]
 [783. 301.]
 [800. 309.]
 [789. 325.]
 [801. 332.]
 [819. 376.]
 [831. 359.]
 [795. 374.]
 [785. 407.]
 [775. 381.]
 [762. 368.]
 [761. 385.]
 [753. 403.]
 [729. 398.]
 [725. 377.]
 [747. 373.]
 [689. 352.]
 [691. 375.]
 [703. 391.]
 [673. 382.]
 [682. 400.]
 [701. 406.]
 [677. 421.]
 [661. 422.]
 [674. 449.]
 [679. 471.]
 [695. 441.]
 [706. 477.]
 [670. 496.]
 [653. 495.]
 [653. 522.]
 [671. 529.]
 [659. 546.]
 [665. 577.]
 [674. 601.]
 [688. 627.]
 [716. 642.]
 [717. 625.]
 [708. 592.]
 [723. 563.]
 [740. 563.]
 [745. 541.]
 [726. 536.]
 [725. 511.]
 [712. 517.]
 [705. 505.]
 [727. 501.]
 [763. 511.]
 [770. 488.]
 [767. 464.]
 [778. 463.]
 [753. 442.]
 [734. 443.]
 [774. 663.]
 [759. 659.]
 [743. 649.]
 [801. 654.]
 [833. 643.]]"
e192,e192,e,"[[759.     607.3333]
 [747.6667 624.    ]
 [735.6667 642.    ]
 [727.6667 656.6667]
 [694.3333 672.6667]
 [687.     690.    ]
 [685.     652.6667]
 [694.3333 633.3333]
 [673.6667 629.3333]
 [663.6667 615.3333]
 [643.6667 622.    ]
 [654.3333 638.    ]
 [653.6667 656.    ]
 [635.     655.3333]
 [631.6667 670.    ]
 [621.     638.6667]
 [592.3333 636.    ]
 [573.6667 634.    ]
 [556.3333 624.6667]
 [545.6667 662.    ]
 [533.6667 697.3333]
 [557.     700.    ]
 [517.6667 706.6667]
 [585.     734.6667]
 [598.3333 719.3333]
 [588.3333 704.    ]
 [599.     684.    ]
 [582.3333 679.3333]
 [579.6667 660.    ]
 [564.3333 658.    ]
 [600.3333 660.    ]
 [614.3333 660.6667]
 [626.3333 691.3333]
 [631.     710.    ]
 [614.3333 706.    ]
 [712.3333 654.    ]
 [608.3333 696.6667]]"
e4007,e4007,e,"[[754.6667  302.     ]
 [674.6667  306.     ]
 [698.6667  306.     ]
 [620.6667  324.66666]
 [636.6667  350.     ]
 [598.      311.33334]
 [591.3333  328.66666]
 [571.3333  320.     ]
 [715.3333  397.33334]
 [735.3333  366.     ]
 [750.6667  418.     ]
 [789.3333  414.     ]
 [819.3333  402.66666]
 [794.6667  392.66666]
 [774.6667  368.66666]
 [789.3333  366.66666]
 [780.      342.66666]
 [861.3333  408.66666]]"
e258,e258,e,"[[746.  596.5]
 [734.  581.5]
 [700.  582. ]
 [693.5 564.5]
 [660.  554. ]
 [652.  530. ]
 [674.  532.5]
 [687.  529. ]
 [651.  506. ]
 [696.5 544. ]
 [716.5 532.5]
 [720.5 544.5]
 [715.  560.5]
 [736.  540.5]
 [748.5 568.5]
 [758.  554.5]
 [756.  533.5]
 [783.  609. ]
 [796.5 588.5]
 [817.5 604.5]
 [784.  577. ]
 [782.  555.5]
 [802.  561. ]
 [814.  543.5]
 [826.  563.5]
 [832.  533.5]
 [845.5 547.5]
 [868.5 541. ]
 [884.5 507. ]
 [867.  507. ]
 [875.  484.5]
 [887.5 532. ]
 [761.  496. ]
 [776.  519.5]
 [743.  515. ]
 [717.5 511.5]
 [706.  505. ]
 [691.  486. ]
 [699.5 464.5]
 [724.5 458. ]
 [751.5 469. ]
 [782.5 537. ]
 [814.5 522. ]
 [718.  476. ]
 [707.5 483.5]
 [825.  471. ]
 [847.  477. ]
 [851.  460. ]
 [872.  457. ]
 [783.  439.5]
 [816.  424. ]
 [872.  413. ]
 [895.5 430.5]
 [894.5 455. ]
 [915.  471.5]]"
d132,d132,d,"[[640.      376.66666]
 [594.      384.     ]
 [601.3333  363.33334]
 [607.3333  400.     ]
 [608.      421.33334]
 [589.3333  411.33334]
 [636.      411.33334]
 [654.6667  390.66666]
 [676.6667  403.33334]
 [653.3333  460.66666]
 [658.6667  483.33334]
 [669.3333  514.     ]
 [646.6667  507.33334]
 [645.3333  492.66666]
 [624.6667  493.33334]
 [611.3333  466.66666]
 [610.6667  447.33334]
 [579.3333  462.66666]
 [587.3333  487.33334]
 [550.      510.66666]
 [547.3333  488.66666]
 [609.3333  546.     ]
 [612.6667  520.     ]
 [682.      450.33334]
 [691.3333  491.     ]
 [664.      431.     ]
 [660.      537.6667 ]
 [582.      506.33334]
 [593.3333  527.     ]]"
e237,e237,e,"[[642.5 477.5]
 [623.5 479. ]
 [633.5 498.5]
 [642.5 519. ]
 [658.5 495. ]
 [614.5 495.5]
 [624.5 540. ]
 [630.5 557. ]
 [643.  572.5]
 [653.5 554. ]
 [680.5 549. ]
 [671.5 529. ]
 [674.5 567.5]
 [708.  584. ]
 [694.  595.5]
 [686.5 623. ]
 [668.5 621.5]
 [675.5 640.5]
 [668.5 596.5]
 [686.5 594. ]
 [655.  638. ]
 [656.5 653. ]
 [635.5 622. ]
 [635.5 652. ]
 [658.  679. ]
 [676.5 675. ]
 [699.5 667. ]
 [691.  695.5]
 [666.5 704. ]
 [676.  728. ]
 [717.  637.5]
 [738.5 629. ]
 [649.5 592.5]
 [616.  567.5]
 [614.  522.5]
 [608.  533.5]
 [621.  630.5]]"
e4068,e4068,e,"[[ 734.      297.    ]
 [ 751.      305.    ]
 [ 775.      307.    ]
 [ 734.      332.    ]
 [ 719.      333.    ]
 [ 702.      323.    ]
 [ 713.      311.    ]
 [ 707.      281.    ]
 [ 699.      351.    ]
 [ 684.      359.    ]
 [ 677.      392.    ]
 [ 697.      397.    ]
 [ 721.      403.    ]
 [ 742.      381.    ]
 [ 723.      369.    ]
 [ 733.      365.    ]
 [ 754.      358.    ]
 [ 766.      343.    ]
 [ 773.      357.    ]
 [ 773.      332.    ]
 [ 791.      341.    ]
 [ 797.      328.    ]
 [ 811.      352.    ]
 [ 833.      354.    ]
 [ 829.      369.    ]
 [ 851.      368.    ]
 [ 851.      388.    ]
 [ 829.      397.    ]
 [ 849.      421.    ]
 [ 866.      437.    ]
 [ 871.      460.    ]
 [ 841.      449.    ]
 [ 819.      428.    ]
 [ 814.      435.    ]
 [ 823.      453.    ]
 [ 815.      463.3333]
 [ 785.      473.    ]
 [ 775.      470.    ]
 [ 772.      449.    ]
 [ 789.      441.    ]
 [ 753.      453.    ]
 [ 757.      410.    ]
 [ 746.      412.    ]
 [ 771.      383.    ]
 [ 795.      392.    ]
 [ 789.      372.    ]
 [ 729.      453.    ]
 [ 715.      441.    ]
 [ 711.      465.    ]
 [ 729.      479.    ]
 [ 713.6667  496.    ]
 [ 789.      517.    ]
 [ 803.      501.    ]
 [ 815.      491.    ]
 [ 829.      489.    ]
 [ 837.      472.    ]
 [ 830.      511.    ]
 [ 810.      523.    ]
 [ 817.      547.    ]
 [ 819.      562.    ]
 [ 785.      555.    ]
 [ 773.      555.    ]
 [ 855.      517.    ]
 [ 857.      503.    ]
 [ 881.      518.    ]
 [ 888.      501.    ]
 [ 898.      479.    ]
 [ 906.      497.    ]
 [ 917.      474.    ]
 [ 934.      487.    ]
 [ 953.      493.    ]
 [ 929.      447.    ]
 [ 927.      425.    ]
 [ 933.      403.    ]
 [ 898.      449.    ]
 [ 749.      515.    ]
 [ 869.      537.    ]
 [ 889.      579.    ]
 [ 893.      562.    ]
 [ 909.      548.    ]
 [ 912.      527.    ]
 [ 927.      542.    ]
 [ 936.      522.    ]
 [ 952.      515.    ]
 [ 971.      523.    ]
 [ 985.      532.    ]
 [ 992.      556.    ]
 [ 973.      547.    ]
 [ 954.      555.    ]
 [ 944.      579.    ]
 [ 929.      579.    ]
 [ 937.      559.    ]
 [ 941.      595.    ]
 [ 915.      595.    ]
 [ 982.      580.    ]
 [ 987.      608.    ]
 [1007.6666  588.6666]]"
v720,v720,v,"[[658.6667  313.     ]
 [636.6667  307.66666]
 [636.6667  326.33334]
 [626.      318.33334]
 [585.3333  313.     ]
 [626.      344.33334]
 [647.3333  343.     ]
 [662.      350.33334]
 [682.6667  348.33334]
 [699.3333  347.66666]
 [714.6667  361.     ]
 [718.6667  336.33334]
 [736.      355.     ]
 [688.      381.     ]
 [698.6667  399.66666]
 [690.      417.     ]
 [670.      391.66666]
 [651.3333  393.     ]
 [660.      428.33334]
 [638.      379.     ]
 [626.6667  370.33334]
 [633.3333  439.     ]
 [632.      469.66666]
 [621.3333  453.66666]
 [650.      469.     ]
 [654.      491.     ]
 [633.3333  494.33334]
 [637.3333  403.66666]
 [715.3333  445.66666]
 [706.      430.33334]
 [737.3333  451.     ]
 [752.6667  427.     ]
 [772.      435.     ]
 [770.      410.33334]
 [760.      395.66666]
 [746.6667  373.66666]
 [724.      382.33334]
 [611.3333  373.     ]
 [617.3333  395.66666]]"
e165,e165,e,"[[682.5 416.5]
 [668.5 399.5]
 [669.5 378. ]
 [676.  365. ]
 [658.5 347.5]
 [656.  372. ]
 [619.  346.5]
 [600.5 363.5]
 [612.5 382. ]
 [594.  386.5]
 [627.  359.5]
 [633.  374. ]
 [648.5 382. ]
 [629.  397.5]
 [607.5 426. ]
 [594.5 414. ]
 [587.  439.5]
 [606.  448.5]
 [613.  465.5]
 [594.5 468. ]
 [601.  484.5]
 [612.  497. ]
 [626.5 481. ]
 [637.5 463. ]
 [628.  448.5]
 [624.  436. ]
 [641.  427.5]
 [660.5 420.5]
 [671.5 431.5]
 [680.5 445. ]
 [680.5 463. ]
 [695.  451. ]
 [707.  441.5]
 [689.  477. ]
 [666.  479.5]
 [664.  453.5]
 [654.  468.5]
 [649.  485. ]
 [642.  449.5]
 [643.5 511. ]
 [658.  519. ]
 [651.  536. ]
 [645.  548.5]
 [657.5 572. ]
 [636.5 571. ]
 [628.5 553. ]
 [612.  559.5]
 [628.  529.5]
 [619.  517.5]
 [614.5 533.5]
 [598.  534.5]
 [607.  515.5]]"
v4135,v4135,v,"[[1084.  237.]
 [1069.  218.]
 [1077.  257.]
 [1055.  294.]
 [1017.  246.]
 [ 979.  244.]
 [ 950.  249.]
 [ 935.  268.]
 [ 971.  282.]
 [ 956.  310.]
 [ 997.  295.]
 [ 912.  263.]
 [1001.  230.]
 [1032.  221.]
 [ 888.  285.]
 [ 800.  323.]
 [ 791.  298.]
 [ 779.  318.]
 [ 774.  346.]]"
d531,d531,d,"[[790. 626.]
 [779. 616.]
 [760. 625.]
 [753. 597.]
 [734. 575.]
 [712. 645.]
 [701. 647.]
 [680. 645.]
 [659. 636.]
 [661. 618.]
 [637. 620.]
 [629. 719.]
 [603. 697.]
 [579. 709.]
 [692. 698.]
 [699. 677.]
 [717. 711.]
 [732. 693.]
 [749. 684.]
 [768. 701.]
 [770. 681.]
 [786. 656.]
 [790. 713.]
 [796. 752.]
 [812. 743.]
 [817. 723.]]"
e177,e177,e,"[[759.  451.5]
 [752.  432. ]
 [735.5 423.5]
 [717.  413.5]
 [698.  408. ]
 [682.  391.5]
 [662.5 395. ]
 [653.  375. ]
 [637.  379.5]
 [623.  375.5]
 [607.5 387. ]
 [625.  400. ]
 [533.5 366. ]
 [467.5 371. ]
 [517.  391. ]
 [507.  410.5]
 [562.  404. ]
 [577.5 385.5]
 [561.5 489. ]
 [581.5 520. ]
 [661.  414.5]
 [650.  434.5]
 [629.5 420.5]
 [684.5 423.5]
 [677.5 410.5]
 [676.  453.5]
 [704.  427. ]
 [695.  448. ]
 [717.5 452. ]
 [727.  466. ]
 [727.5 441.5]
 [708.5 480. ]
 [718.5 493. ]
 [765.5 479.5]
 [786.5 462.5]
 [775.  496. ]
 [789.  518.5]
 [768.  529. ]
 [754.5 495. ]
 [748.5 542.5]
 [729.5 524. ]
 [730.  550. ]
 [710.  545.5]
 [689.  526.5]
 [682.5 508. ]
 [669.5 522. ]
 [650.5 530.5]
 [633.  539. ]
 [647.  554.5]
 [668.  564. ]
 [683.5 549.5]]"
d540,d540,d,"[[752.3333  321.33334]
 [741.      342.66666]
 [690.3333  298.     ]
 [699.6667  282.     ]
 [713.6667  316.     ]
 [745.6667  368.     ]
 [747.6667  382.66666]
 [766.3333  380.     ]
 [781.      356.     ]
 [767.6667  418.66666]
 [751.6667  402.66666]
 [728.3333  402.66666]
 [731.6667  390.66666]
 [723.      423.33334]
 [747.      412.     ]
 [733.      444.66666]
 [746.3333  437.33334]
 [749.6667  453.33334]
 [752.3333  490.     ]
 [755.      520.6667 ]
 [739.      511.33334]
 [727.      523.3333 ]
 [745.      546.6667 ]
 [747.6667  570.     ]
 [713.      510.66666]
 [723.      484.     ]
 [696.3333  492.66666]
 [727.      472.66666]
 [717.      456.     ]
 [683.6667  412.     ]
 [663.      424.     ]
 [652.3333  445.33334]
 [649.6667  472.     ]
 [684.3333  466.     ]
 [624.3333  454.66666]
 [628.3333  434.66666]
 [613.6667  432.     ]
 [591.      436.     ]
 [561.6667  416.66666]
 [554.3333  401.33334]
 [543.6667  438.66666]
 [559.6667  459.33334]
 [535.6667  465.33334]
 [531.      490.66666]
 [544.3333  500.66666]
 [551.      529.3333 ]
 [569.      544.6667 ]
 [576.3333  522.6667 ]
 [569.6667  500.     ]
 [577.6667  482.66666]
 [589.6667  507.33334]
 [597.6667  521.3333 ]
 [611.      543.3333 ]
 [607.      555.3333 ]
 [590.3333  557.3333 ]
 [636.3333  572.     ]
 [649.6667  570.6667 ]
 [651.6667  546.6667 ]
 [671.6667  580.     ]
 [581.6667  390.66666]
 [568.3333  373.33334]
 [581.6667  354.66666]
 [594.3333  328.     ]
 [605.      345.33334]
 [608.3333  306.     ]
 [630.3333  300.     ]
 [621.6667  281.33334]
 [627.      318.66666]
 [633.6667  336.     ]
 [625.      362.66666]
 [607.      366.66666]
 [602.3333  386.     ]
 [610.3333  406.66666]
 [631.      411.33334]
 [644.3333  395.33334]
 [660.3333  386.66666]
 [653.      364.66666]
 [682.3333  377.33334]
 [701.      374.     ]
 [719.      365.33334]
 [694.3333  350.66666]
 [679.      332.     ]
 [657.      317.33334]]"
d1906,d1906,d,"[[683. 545.]
 [668. 560.]
 [704. 577.]
 [723. 563.]
 [727. 580.]
 [755. 589.]
 [740. 595.]
 [755. 625.]
 [743. 641.]
 [730. 627.]
 [708. 638.]
 [681. 597.]
 [685. 636.]
 [646. 636.]
 [628. 647.]
 [608. 661.]
 [656. 698.]
 [676. 699.]
 [698. 699.]
 [707. 680.]
 [725. 695.]
 [732. 672.]
 [764. 675.]
 [780. 672.]
 [796. 687.]
 [826. 695.]
 [846. 709.]
 [801. 724.]
 [799. 753.]
 [827. 723.]
 [853. 765.]
 [865. 779.]
 [764. 785.]
 [761. 763.]
 [709. 774.]
 [641. 755.]
 [657. 732.]
 [679. 738.]
 [702. 745.]
 [724. 736.]
 [727. 751.]
 [764. 728.]]"
e169,e169,e,"[[766.  620.5]
 [756.  600.5]
 [806.5 592.5]
 [820.  601.5]
 [816.  624. ]
 [817.5 655.5]
 [779.  649. ]
 [763.  662. ]
 [700.5 604.5]
 [720.  595. ]
 [742.5 561.5]
 [742.5 528. ]
 [767.5 513. ]
 [777.5 529.5]
 [802.5 525. ]
 [811.5 544.5]
 [858.  526. ]
 [797.  376.5]
 [790.5 406. ]
 [767.  426. ]
 [753.  391.5]
 [746.  359. ]
 [707.5 408.5]
 [722.5 436. ]
 [740.5 430.5]
 [754.  454.5]
 [732.  457.5]
 [746.5 489. ]
 [765.  483. ]
 [727.5 478.5]
 [693.  480.5]
 [695.  513. ]
 [720.5 539. ]
 [673.  558.5]
 [716.  574.5]
 [668.5 588. ]
 [661.5 607.5]
 [648.  558. ]
 [620.  586.5]
 [607.5 601. ]
 [605.5 618. ]
 [566.  574. ]
 [563.5 550.5]
 [567.  529.5]
 [586.5 510. ]
 [610.5 509. ]
 [614.5 465. ]
 [644.5 460.5]
 [642.5 426. ]
 [654.  428.5]
 [668.5 410. ]
 [628.  420. ]
 [646.5 401.5]
 [602.  434.5]
 [554.  503.5]
 [766.5 367. ]
 [690.5 422. ]
 [617.  557. ]
 [585.5 589. ]
 [629.  536. ]
 [711.  627.5]
 [732.5 634.5]
 [740.5 585. ]]"
e4081,e4081,e,"[[930. 550.]
 [945. 548.]
 [964. 566.]
 [987. 558.]
 [986. 595.]
 [957. 594.]
 [937. 605.]
 [928. 574.]
 [902. 555.]
 [910. 534.]
 [896. 502.]
 [872. 500.]
 [880. 548.]
 [867. 562.]
 [849. 567.]
 [840. 536.]
 [827. 549.]
 [825. 586.]
 [815. 609.]
 [814. 629.]
 [816. 655.]
 [831. 674.]
 [842. 658.]
 [838. 640.]
 [860. 636.]
 [868. 607.]
 [876. 644.]
 [895. 610.]
 [918. 625.]
 [946. 640.]
 [965. 652.]
 [962. 632.]
 [972. 609.]
 [987. 636.]
 [984. 666.]
 [981. 703.]
 [956. 670.]
 [913. 726.]
 [965. 734.]
 [950. 762.]
 [903. 730.]
 [914. 756.]
 [920. 767.]
 [898. 770.]
 [880. 751.]
 [854. 770.]
 [853. 709.]
 [869. 678.]
 [910. 672.]
 [897. 666.]
 [895. 690.]
 [934. 707.]]"
e2380,e2380,e,"[[535.6667  397.66666]
 [517.6667  390.     ]
 [516.      415.     ]
 [545.6667  423.33334]
 [532.3333  444.     ]
 [507.      445.66666]
 [565.      433.     ]
 [577.      413.     ]
 [590.      432.     ]
 [581.3333  381.66666]
 [581.      398.66666]
 [566.3333  403.33334]
 [550.6667  388.     ]
 [573.6667  364.66666]
 [530.      375.     ]
 [553.3333  372.33334]
 [559.6667  383.     ]
 [568.3333  447.     ]
 [579.3333  450.     ]
 [591.3333  446.33334]
 [592.6667  464.66666]
 [578.3333  478.     ]
 [554.3333  499.     ]
 [539.3333  500.33334]
 [524.3333  492.33334]
 [506.      496.     ]
 [520.3333  525.6667 ]
 [511.33334 537.6667 ]
 [504.66666 521.6667 ]
 [514.      553.3333 ]
 [526.      551.     ]
 [528.3333  570.     ]
 [552.      564.3333 ]
 [559.6667  553.     ]
 [545.3333  549.6667 ]
 [560.3333  536.     ]
 [551.6667  522.3333 ]
 [537.6667  526.     ]
 [533.3333  518.3333 ]
 [560.6667  509.3333 ]
 [580.      522.6667 ]
 [561.      412.33334]
 [500.33334 531.6667 ]
 [579.3333  492.66666]]"
e28,e28,e,"[[655.3333 878.3333]
 [627.3333 873.3333]
 [615.3333 862.    ]
 [594.3333 861.6667]
 [569.3333 851.3333]
 [551.3333 846.6667]
 [562.3333 820.3333]
 [575.     818.    ]
 [539.6667 881.6667]
 [529.6667 866.    ]
 [530.     905.3333]
 [518.3333 890.    ]
 [590.6667 962.3333]
 [610.3333 940.    ]
 [622.3333 958.3333]
 [615.     978.3333]
 [627.3333 993.3333]
 [644.6667 954.    ]
 [651.3333 934.6667]
 [622.6667 916.3333]
 [632.     935.6667]
 [630.6667 902.    ]
 [687.     840.    ]
 [689.3333 879.    ]
 [669.3333 899.3333]
 [656.6667 912.3333]
 [705.6667 911.3333]
 [671.     927.6667]
 [685.6667 937.    ]
 [665.6667 942.6667]
 [570.     893.    ]
 [592.3333 887.    ]
 [607.3333 899.6667]
 [571.3333 943.6667]
 [572.     921.6667]
 [550.6667 916.3333]
 [593.     842.3333]
 [662.5    967.5   ]
 [670.     952.    ]
 [703.5    948.5   ]
 [681.5    968.    ]
 [688.3333 903.6667]]"
d576,d576,d,"[[720.      404.66666]
 [702.6667  398.     ]
 [701.3333  427.33334]
 [687.3333  412.66666]
 [684.      442.66666]
 [662.6667  440.66666]
 [644.      421.33334]
 [639.3333  443.33334]
 [610.6667  439.33334]
 [676.6667  490.     ]
 [700.6667  459.33334]
 [716.      483.33334]
 [694.      500.66666]
 [731.3333  465.33334]
 [752.      464.     ]
 [742.6667  448.     ]
 [726.6667  442.66666]
 [726.      426.66666]
 [708.      442.66666]
 [772.6667  458.     ]
 [756.      438.66666]
 [766.      435.33334]
 [794.6667  472.     ]
 [799.3333  444.     ]
 [821.3333  446.     ]
 [741.3333  490.     ]]"
e3,e3,e,"[[603.6667  685.     ]
 [587.6667  674.3333 ]
 [576.      667.6667 ]
 [586.6667  657.     ]
 [585.3333  632.6667 ]
 [560.      660.6667 ]
 [558.3333  671.6667 ]
 [550.      687.6667 ]
 [564.6667  683.     ]
 [525.6667  705.6667 ]
 [534.      657.3333 ]
 [548.3333  650.6667 ]
 [539.6667  674.6667 ]
 [509.66666 685.     ]
 [489.66666 692.     ]
 [503.66666 697.3333 ]
 [637.6667  639.3333 ]
 [628.3333  628.3333 ]
 [631.6667  655.3333 ]
 [615.6667  651.3333 ]
 [626.      679.     ]
 [600.      637.3333 ]
 [532.3333  683.3333 ]
 [570.3333  648.6667 ]
 [558.      641.3333 ]
 [529.      676.     ]
 [540.75    699.5    ]
 [570.25    698.25   ]
 [575.75    691.5    ]
 [629.3333  667.6667 ]
 [625.      640.6667 ]
 [610.6667  668.6667 ]
 [517.3333  692.3333 ]
 [646.25    655.25   ]
 [598.75    662.5    ]
 [497.33334 675.3333 ]
 [544.5     663.25   ]]"
e295,e295,e,"[[553.3333  514.3333 ]
 [538.      522.3333 ]
 [480.66666 547.6667 ]
 [452.66666 514.3333 ]
 [441.33334 508.33334]
 [552.6667  605.6667 ]
 [558.      652.3333 ]
 [464.66666 494.33334]
 [480.66666 506.33334]
 [487.33334 523.6667 ]
 [468.66666 533.6667 ]
 [462.66666 551.6667 ]
 [462.66666 572.3333 ]
 [490.      583.6667 ]
 [478.66666 609.     ]
 [505.33334 621.6667 ]
 [506.66666 661.6667 ]
 [570.      625.     ]
 [585.3333  633.     ]
 [532.6667  588.3333 ]
 [548.6667  581.6667 ]
 [539.3333  568.3333 ]
 [546.6667  547.     ]
 [542.6667  502.33334]
 [529.3333  499.     ]
 [524.      491.66666]
 [504.66666 503.     ]
 [503.33334 456.33334]
 [536.6667  466.33334]
 [480.      475.66666]
 [554.      443.     ]
 [582.      417.66666]
 [604.      403.66666]
 [620.6667  399.66666]
 [650.6667  402.33334]
 [667.3333  379.     ]
 [695.3333  378.33334]
 [636.      427.66666]
 [655.3333  429.     ]
 [661.3333  451.     ]
 [620.6667  453.66666]
 [652.6667  467.     ]
 [614.6667  482.33334]
 [591.3333  490.33334]
 [587.3333  507.     ]
 [602.6667  512.3333 ]
 [578.6667  541.     ]
 [588.6667  563.     ]
 [604.      553.     ]
 [615.3333  531.6667 ]
 [636.      535.6667 ]
 [652.6667  547.     ]
 [640.      554.3333 ]
 [654.6667  577.     ]
 [612.6667  592.3333 ]
 [698.      533.6667 ]
 [680.      514.3333 ]
 [662.      506.33334]
 [699.3333  497.66666]
 [714.      491.66666]
 [708.6667  471.     ]
 [704.      447.66666]
 [740.      502.33334]]"
d564,d564,d,"[[500.33334 754.6667 ]
 [523.      744.     ]
 [528.3333  764.     ]
 [540.3333  757.3333 ]
 [540.3333  736.     ]
 [532.3333  709.3333 ]
 [557.6667  722.6667 ]
 [573.6667  732.     ]
 [567.      758.6667 ]
 [576.3333  781.3333 ]
 [547.      785.3333 ]
 [525.6667  786.6667 ]
 [477.66666 765.3333 ]
 [499.      729.3333 ]
 [479.      709.3333 ]
 [460.33334 712.     ]
 [444.33334 712.     ]
 [443.      693.3333 ]
 [428.33334 696.     ]
 [400.33334 697.3333 ]
 [420.33334 717.3333 ]
 [443.      728.     ]
 [428.33334 674.6667 ]
 [460.33334 673.3333 ]
 [461.66666 652.     ]
 [477.66666 634.6667 ]
 [493.66666 656.     ]
 [495.      686.6667 ]
 [525.6667  664.     ]
 [541.6667  678.6667 ]
 [560.3333  661.3333 ]
 [517.6667  633.3333 ]
 [496.33334 618.6667 ]
 [475.      612.     ]
 [467.      594.6667 ]
 [445.66666 605.3333 ]
 [432.33334 617.3333 ]
 [447.      582.6667 ]
 [428.33334 568.     ]
 [379.      592.     ]
 [363.      602.6667 ]
 [352.33334 578.6667 ]
 [365.66666 564.     ]
 [381.66666 557.3333 ]
 [376.33334 542.6667 ]
 [363.      528.     ]
 [348.33334 529.3333 ]
 [323.      534.6667 ]
 [331.      570.6667 ]
 [323.      584.     ]
 [491.      576.     ]
 [472.33334 578.6667 ]
 [459.      562.6667 ]
 [453.66666 549.3333 ]
 [487.      533.3333 ]
 [500.33334 546.6667 ]
 [484.33334 557.3333 ]
 [515.      588.     ]
 [520.3333  596.     ]
 [541.6667  600.     ]
 [528.3333  541.3333 ]
 [519.      516.     ]
 [539.      514.6667 ]
 [524.3333  498.66666]
 [507.      500.     ]
 [480.33334 514.6667 ]
 [453.66666 522.6667 ]
 [435.      526.6667 ]
 [433.66666 514.6667 ]
 [405.66666 517.3333 ]
 [380.33334 505.33334]
 [391.      493.33334]
 [332.33334 509.33334]
 [312.33334 504.     ]
 [595.      721.3333 ]
 [571.      710.6667 ]
 [559.      702.6667 ]
 [617.6667  716.     ]
 [648.3333  725.3333 ]
 [667.      722.6667 ]
 [697.6667  725.3333 ]
 [704.3333  772.     ]
 [653.6667  757.3333 ]
 [637.6667  769.3333 ]
 [659.      784.     ]
 [683.      789.3334 ]
 [707.      808.     ]
 [685.6667  816.     ]
 [663.      814.66675]
 [675.      832.     ]
 [644.3333  833.3334 ]
 [643.      812.     ]
 [635.      801.3334 ]
 [621.6667  806.66675]
 [624.3333  778.6667 ]
 [605.6667  776.     ]
 [601.6667  794.66675]
 [589.6667  810.66675]
 [587.      832.     ]
 [601.6667  837.3334 ]
 [624.3333  842.66675]
 [572.3333  818.66675]
 [314.66666 466.66666]
 [318.      446.     ]
 [338.      460.66666]
 [358.66666 470.     ]
 [332.66666 485.33334]
 [380.      478.     ]
 [390.66666 465.33334]
 [380.      452.     ]
 [364.66666 449.33334]
 [352.66666 457.33334]
 [392.66666 433.33334]
 [412.66666 436.     ]
 [404.      452.     ]
 [432.      462.     ]
 [406.66666 468.66666]
 [414.66666 487.33334]
 [434.66666 483.33334]
 [457.3333  492.66666]
 [472.      476.     ]
 [483.3333  486.66666]
 [486.6667  459.33334]
 [460.6667  451.33334]
 [455.3333  428.     ]
 [436.66666 444.     ]
 [430.      424.     ]
 [412.      406.     ]
 [387.33334 404.     ]
 [379.33334 420.     ]
 [349.33334 376.     ]
 [375.33334 378.66666]
 [358.66666 356.     ]
 [334.66666 349.33334]
 [438.      378.66666]
 [460.      402.     ]
 [483.3333  422.66666]
 [498.6667  440.66666]
 [516.6667  429.33334]
 [480.      391.33334]
 [456.      373.33334]
 [440.      346.     ]
 [475.3333  336.     ]
 [475.3333  366.66666]
 [521.3333  354.66666]
 [542.6667  335.33334]
 [524.6667  396.     ]
 [539.3333  412.66666]
 [558.      375.33334]
 [580.      407.33334]
 [552.6667  452.66666]
 [546.      436.     ]
 [629.3334  372.     ]
 [626.      356.66666]
 [639.3334  336.66666]
 [665.3334  322.     ]
 [658.6666  302.     ]
 [662.6666  275.33334]
 [636.6666  292.     ]
 [616.6666  301.33334]
 [595.3334  314.66666]
 [580.6666  298.66666]
 [380.      354.66666]
 [328.      411.3333 ]
 [329.33334 435.3333 ]]"
e299,e299,e,"[[750.  371. ]
 [757.  386.5]
 [736.  377. ]
 [729.5 355.5]
 [705.5 343. ]
 [701.  378. ]
 [689.  393. ]
 [683.  376. ]
 [708.  403. ]
 [700.  419.5]
 [684.  422.5]
 [664.  420. ]
 [659.5 464. ]
 [669.5 483. ]
 [683.  503. ]
 [690.  492. ]
 [705.  469. ]
 [696.5 445.5]
 [705.5 512.5]
 [725.5 517. ]
 [731.  508.5]
 [712.5 494.5]
 [718.  455.5]
 [738.  451. ]
 [728.  433.5]
 [733.  415.5]
 [737.  397. ]
 [754.5 410. ]
 [768.5 419.5]
 [750.5 433.5]
 [782.  431.5]
 [790.5 457.5]
 [775.5 458.5]
 [758.5 457. ]
 [752.5 474.5]
 [775.  472.5]
 [794.  483. ]
 [781.  496.5]
 [775.  515.5]
 [760.  496.5]
 [750.  513.5]
 [738.5 490.5]
 [761.5 544. ]
 [778.5 536. ]
 [725.5 538.5]
 [738.  555. ]
 [670.  528. ]
 [707.5 550. ]]"
e71,e71,e,"[[750.6667  508.33334]
 [733.3333  497.     ]
 [738.6667  469.     ]
 [784.      493.     ]
 [834.6667  534.3333 ]
 [843.3333  549.     ]
 [840.      564.3333 ]
 [822.6667  563.     ]
 [811.3333  584.3333 ]
 [775.3333  577.     ]
 [733.3333  548.3333 ]
 [729.3333  532.3333 ]
 [713.3333  534.3333 ]
 [701.3333  565.6667 ]
 [680.6667  563.     ]
 [664.6667  551.6667 ]
 [694.      531.6667 ]
 [690.      515.6667 ]
 [690.      497.66666]
 [710.6667  510.33334]
 [710.6667  490.33334]
 [702.      473.     ]
 [651.3333  515.6667 ]
 [636.6667  489.     ]
 [600.      501.66666]
 [580.6667  501.     ]
 [561.3333  499.66666]
 [599.3333  523.     ]
 [622.6667  524.3333 ]
 [637.3333  538.3333 ]
 [613.3333  541.6667 ]
 [590.      557.     ]
 [586.6667  571.6667 ]
 [612.      571.6667 ]
 [631.3333  575.6667 ]
 [652.6667  595.     ]
 [656.      613.     ]
 [685.3333  615.     ]
 [661.3333  631.6667 ]
 [646.      635.6667 ]
 [599.3333  635.6667 ]
 [591.3333  607.6667 ]
 [572.6667  593.     ]
 [559.3333  583.     ]
 [541.3333  575.6667 ]
 [568.      553.6667 ]
 [568.      527.     ]
 [549.3333  540.3333 ]
 [542.6667  523.6667 ]
 [510.66666 528.3333 ]
 [510.      543.     ]
 [476.66666 548.3333 ]
 [474.      528.3333 ]
 [484.66666 584.3333 ]
 [508.      585.     ]
 [528.      556.3333 ]
 [530.6667  622.3333 ]
 [552.6667  616.3333 ]
 [554.6667  634.3333 ]
 [678.      482.33334]
 [674.      507.66666]
 [679.3333  527.6667 ]
 [637.3333  559.     ]
 [714.6667  556.3333 ]
 [701.5     590.5    ]]"
d256,d256,d,"[[729.6667  435.     ]
 [742.3333  450.33334]
 [759.      486.33334]
 [741.      471.66666]
 [718.3333  479.     ]
 [708.3333  439.     ]
 [710.3333  500.33334]
 [694.3333  509.66666]
 [680.3333  532.3333 ]
 [702.3333  549.6667 ]
 [721.      541.     ]
 [731.      517.6667 ]
 [747.      514.3333 ]
 [773.      526.3333 ]
 [785.      569.6667 ]
 [767.      571.     ]
 [750.3333  571.6667 ]
 [729.6667  578.3333 ]
 [706.3333  589.     ]
 [703.      573.     ]
 [666.3333  561.     ]
 [666.3333  544.3333 ]
 [658.3333  571.6667 ]
 [651.      585.     ]
 [625.6667  615.     ]
 [608.3333  627.     ]
 [839.      527.6667 ]]"
d507,d507,d,"[[902. 494.]
 [925. 500.]
 [918. 536.]
 [875. 540.]
 [888. 539.]
 [875. 518.]
 [875. 495.]
 [853. 480.]
 [854. 461.]
 [856. 441.]
 [849. 413.]
 [875. 419.]
 [848. 391.]
 [820. 407.]
 [830. 398.]
 [831. 432.]
 [814. 428.]
 [820. 443.]
 [829. 470.]
 [829. 489.]
 [841. 519.]
 [815. 513.]
 [813. 544.]
 [828. 560.]
 [799. 550.]
 [775. 556.]
 [759. 540.]
 [741. 543.]
 [756. 562.]
 [749. 514.]
 [725. 499.]
 [726. 523.]
 [709. 508.]
 [745. 492.]
 [764. 507.]
 [787. 513.]
 [701. 461.]
 [681. 448.]
 [671. 423.]
 [651. 418.]
 [627. 400.]
 [659. 458.]
 [637. 461.]
 [643. 482.]
 [616. 482.]
 [624. 507.]
 [590. 440.]
 [593. 399.]
 [605. 388.]
 [590. 371.]
 [578. 382.]
 [593. 352.]
 [617. 346.]
 [607. 326.]
 [610. 314.]
 [627. 328.]
 [631. 346.]
 [613. 368.]
 [641. 380.]
 [661. 373.]
 [685. 376.]
 [699. 386.]
 [716. 383.]
 [731. 390.]
 [740. 413.]
 [734. 426.]
 [737. 457.]
 [765. 423.]
 [779. 409.]
 [768. 399.]
 [767. 380.]
 [749. 362.]
 [728. 351.]
 [734. 334.]
 [760. 336.]
 [779. 362.]
 [705. 352.]
 [695. 358.]
 [695. 328.]
 [680. 318.]
 [688. 304.]
 [699. 282.]
 [719. 291.]
 [667. 296.]
 [657. 279.]
 [643. 284.]
 [632. 285.]
 [609. 291.]
 [570. 316.]
 [572. 352.]
 [547. 364.]
 [527. 352.]
 [536. 342.]
 [515. 328.]
 [502. 315.]
 [477. 302.]
 [509. 284.]
 [510. 274.]
 [535. 279.]
 [549. 256.]
 [559. 231.]
 [577. 248.]
 [589. 238.]
 [610. 220.]
 [642. 218.]
 [641. 256.]
 [622. 267.]
 [599. 272.]
 [583. 276.]
 [573. 283.]
 [585. 310.]
 [537. 317.]]"
d407,d407,d,"[[585.3333  638.6667 ]
 [565.3333  622.6667 ]
 [555.3333  629.3333 ]
 [536.6667  582.6667 ]
 [530.      569.3333 ]
 [566.      600.6667 ]
 [580.      587.3333 ]
 [587.3333  610.     ]
 [582.6667  622.6667 ]
 [598.6667  622.     ]
 [602.      600.6667 ]
 [606.      569.3333 ]
 [588.6667  568.     ]
 [591.3333  550.     ]
 [566.      569.3333 ]
 [572.      530.6667 ]
 [606.6667  504.66666]
 [615.3333  535.3333 ]
 [621.3333  516.6667 ]
 [644.6667  516.     ]
 [664.6667  510.     ]
 [646.      491.33334]
 [636.6667  541.3333 ]
 [636.      558.6667 ]
 [648.      583.3333 ]
 [666.6667  568.6667 ]
 [674.6667  543.3333 ]
 [689.3333  569.3333 ]
 [710.6667  570.6667 ]
 [713.3333  546.6667 ]
 [700.6667  546.6667 ]
 [690.      526.6667 ]
 [696.      498.     ]
 [710.6667  519.3333 ]
 [734.6667  527.3333 ]
 [732.6667  511.33334]
 [749.3333  513.3333 ]
 [762.6667  524.     ]
 [754.6667  544.6667 ]
 [750.6667  558.     ]
 [734.      494.66666]
 [720.      489.33334]
 [708.6667  473.33334]
 [683.3333  469.33334]
 [681.3333  451.33334]
 [652.6667  461.33334]
 [626.6667  460.66666]
 [608.6667  447.33334]
 [593.3333  437.33334]
 [556.      455.33334]
 [543.3333  494.     ]
 [522.6667  486.     ]
 [591.3333  397.33334]
 [614.      402.66666]
 [642.      399.33334]
 [652.      415.33334]
 [653.3333  428.     ]
 [658.      444.     ]
 [680.6667  433.33334]
 [726.6667  436.66666]
 [736.6667  456.     ]
 [754.      466.66666]
 [746.6667  438.66666]
 [778.      444.     ]
 [714.      444.66666]
 [761.3333  482.     ]
 [745.3333  472.     ]
 [782.6667  479.33334]
 [794.      502.     ]
 [818.      492.66666]
 [638.6667  356.     ]
 [611.3333  347.33334]
 [620.6667  318.66666]
 [646.      284.66666]
 [676.      280.66666]
 [706.6667  277.33334]
 [631.3333  373.33334]
 [705.3333  422.     ]
 [778.      402.66666]
 [763.3333  420.     ]
 [747.3333  399.33334]
 [793.3333  403.33334]
 [801.3333  426.66666]
 [800.6667  446.66666]
 [836.      477.33334]
 [856.      456.     ]
 [846.      434.     ]
 [796.6667  378.     ]
 [804.      364.66666]
 [816.      463.33334]]"
d136,d136,d,"[[613.6667  335.66666]
 [597.      361.66666]
 [607.6667  383.66666]
 [571.6667  352.33334]
 [561.      363.66666]
 [581.      424.33334]
 [547.      397.66666]
 [563.6667  399.66666]
 [605.6667  422.33334]
 [605.      406.33334]
 [662.3333  419.66666]
 [679.6667  412.33334]
 [669.6667  396.33334]
 [697.6667  389.     ]
 [684.3333  376.33334]
 [679.      341.66666]
 [652.3333  341.66666]
 [656.3333  323.     ]
 [475.66666 376.33334]
 [479.66666 397.66666]
 [463.      408.33334]
 [432.33334 399.66666]
 [425.66666 386.33334]
 [413.66666 409.66666]
 [439.      423.     ]
 [445.66666 442.33334]
 [462.33334 445.66666]
 [445.      467.     ]
 [505.      429.     ]
 [497.66666 401.66666]
 [511.      381.     ]
 [523.      405.     ]
 [530.3333  420.33334]
 [549.      363.66666]
 [554.3333  381.66666]
 [545.      438.33334]
 [486.33334 450.33334]
 [482.33334 431.     ]
 [483.      417.     ]
 [531.      374.33334]
 [579.      387.     ]
 [625.6667  393.     ]
 [635.      414.33334]]"
e4011,e4011,e,"[[291.33334 466.33334]
 [280.66666 454.33334]
 [268.66666 471.66666]
 [244.      433.     ]
 [230.66667 487.66666]
 [249.33333 497.     ]
 [232.66667 514.3333 ]
 [212.      507.66666]
 [198.      515.6667 ]
 [183.33333 525.     ]
 [202.      546.3333 ]
 [181.33333 565.     ]
 [219.33333 598.3333 ]
 [235.33333 630.3333 ]
 [260.      657.     ]
 [260.      641.     ]
 [258.66666 567.     ]
 [266.66666 577.6667 ]
 [268.      598.3333 ]
 [244.      575.6667 ]
 [244.      535.6667 ]
 [248.66667 543.6667 ]
 [264.      539.6667 ]
 [260.66666 521.     ]
 [262.66666 501.66666]
 [280.      487.66666]
 [300.      500.33334]
 [302.66666 518.3333 ]
 [281.33334 518.3333 ]
 [280.      552.3333 ]
 [308.      573.     ]
 [321.33334 570.3333 ]
 [317.33334 550.3333 ]
 [324.      535.     ]
 [338.      581.6667 ]
 [346.66666 603.     ]
 [344.66666 630.3333 ]
 [318.      611.     ]
 [316.66666 620.3333 ]
 [309.33334 625.     ]
 [294.66666 608.3333 ]
 [305.33334 593.     ]
 [288.66666 587.6667 ]
 [286.66666 570.3333 ]
 [336.      655.6667 ]]"
e184,e184,e,"[[640.5 375. ]
 [620.  398. ]
 [595.  383. ]
 [582.5 402. ]
 [583.  381.5]
 [609.5 396.5]
 [636.5 394. ]
 [603.5 421. ]
 [585.  430.5]
 [569.5 421.5]
 [554.5 412.5]
 [551.  396. ]
 [536.  400.5]
 [540.  384. ]
 [525.5 383.5]
 [529.  454. ]
 [544.5 454. ]
 [550.5 431.5]
 [560.  464.5]
 [538.  475. ]
 [529.  489.5]
 [517.  522. ]
 [499.5 513. ]
 [553.  515. ]
 [563.  499. ]
 [581.  500. ]
 [590.5 503. ]
 [579.  466. ]
 [609.  487.5]
 [617.  502.5]
 [613.5 526.5]
 [598.  529. ]
 [579.5 531.5]
 [623.  519.5]
 [622.  482. ]
 [625.  462.5]
 [616.  453.5]
 [633.5 441.5]
 [638.5 463.5]
 [654.  496.5]
 [672.  501.5]
 [662.5 521.5]
 [666.5 478.5]
 [661.5 467.5]
 [675.  450.5]
 [690.  466. ]
 [657.5 460. ]
 [653.  445. ]
 [662.5 409.5]
 [640.5 416.5]
 [650.5 410.5]
 [657.  396.5]
 [673.  391.5]
 [687.5 399. ]
 [528.5 427.5]
 [617.  438. ]]"
d124,d124,d,"[[1153.6666    126.      ]
 [1169.6666    138.      ]
 [1179.         99.333336]
 [1197.6666    114.666664]
 [1128.3334    133.33333 ]
 [1150.3334    104.666664]
 [1095.6666    127.333336]
 [1092.3334    150.66667 ]
 [1067.6666    151.33333 ]
 [1085.        218.      ]
 [1056.3334    206.66667 ]
 [1109.        225.33333 ]
 [1139.        209.33333 ]
 [1139.        186.66667 ]
 [1125.        178.66667 ]
 [1147.6666    166.      ]
 [1131.6666    156.      ]
 [1175.6666    155.33333 ]
 [1169.6666    175.33333 ]
 [1189.6666    190.66667 ]
 [1173.6666    200.      ]
 [1193.6666    213.33333 ]
 [1251.        217.33333 ]
 [1250.3334    232.      ]
 [1271.        209.33333 ]
 [1243.6666    199.33333 ]
 [1257.        180.66667 ]
 [1238.3334    168.      ]
 [1263.        156.      ]
 [1269.        168.      ]
 [1257.6666    144.      ]
 [1230.3334    113.333336]
 [1227.6666    246.66669 ]
 [1249.        264.      ]
 [1205.        248.      ]
 [1185.        254.66669 ]
 [1150.3334    234.66669 ]
 [1201.6666    267.33334 ]]"
e4003,e4003,e,"[[497. 713.]
 [499. 677.]
 [492. 652.]
 [519. 680.]
 [518. 625.]
 [515. 598.]
 [522. 581.]
 [539. 588.]
 [551. 609.]
 [553. 651.]
 [568. 665.]
 [559. 685.]
 [577. 709.]
 [590. 630.]
 [614. 647.]
 [616. 667.]
 [589. 661.]
 [622. 701.]
 [642. 688.]
 [637. 657.]
 [662. 651.]
 [643. 633.]
 [617. 627.]
 [632. 606.]
 [652. 590.]
 [660. 573.]
 [638. 545.]
 [621. 517.]
 [612. 531.]
 [602. 511.]
 [578. 533.]
 [550. 543.]
 [542. 516.]
 [557. 493.]
 [573. 481.]
 [568. 464.]
 [529. 464.]
 [532. 436.]
 [513. 479.]
 [498. 433.]
 [509. 546.]]"
e196,e196,e,"[[759.3333  827.6667 ]
 [738.      841.     ]
 [734.6667  861.6667 ]
 [756.      866.3333 ]
 [772.      853.6667 ]
 [790.6667  842.3333 ]
 [750.      784.3333 ]
 [713.3333  770.3333 ]
 [724.6667  801.     ]
 [702.6667  792.3333 ]
 [691.3333  782.3333 ]
 [683.3333  801.     ]
 [690.6667  823.6667 ]
 [693.3333  848.3333 ]
 [694.6667  867.6667 ]
 [713.3333  881.6667 ]
 [694.6667  895.6667 ]
 [681.3333  913.6667 ]
 [682.      883.     ]
 [668.6667  869.     ]
 [657.3333  857.     ]
 [649.3333  846.3333 ]
 [679.3333  848.3333 ]
 [664.      833.     ]
 [648.6667  825.     ]
 [644.6667  803.     ]
 [663.3333  812.3333 ]
 [664.6667  795.     ]
 [652.      777.6667 ]
 [611.3333  770.3333 ]
 [620.      808.3333 ]
 [614.6667  824.3333 ]
 [595.3333  812.3333 ]
 [567.3333  801.6667 ]
 [566.      780.3333 ]
 [580.      771.     ]
 [562.      838.3333 ]
 [544.      850.3333 ]
 [536.6667  839.6667 ]
 [576.      880.3333 ]
 [618.6667  887.6667 ]
 [616.      851.6667 ]
 [632.      837.6667 ]
 [650.      876.3333 ]
 [666.6667  899.6667 ]
 [638.6667  896.3333 ]
 [634.6667  921.     ]
 [614.6667  906.3333 ]
 [600.      929.6667 ]
 [576.6667  936.3333 ]
 [592.      963.     ]
 [586.6667  993.     ]
 [571.3333  974.3333 ]
 [565.3333  992.3333 ]
 [555.3333  970.3333 ]
 [543.3333  969.6667 ]
 [530.      963.     ]
 [524.      952.3333 ]
 [509.33334 970.3333 ]
 [510.      943.     ]
 [546.      948.3333 ]
 [558.6667  938.3333 ]
 [553.3333  917.     ]
 [529.3333  906.3333 ]
 [572.6667  915.6667 ]
 [594.6667  911.     ]
 [578.6667  900.3333 ]
 [658.6667  917.6667 ]
 [626.6667  869.     ]
 [598.6667  863.     ]
 [576.6667  857.6667 ]
 [638.      957.     ]
 [645.3333  938.3333 ]
 [620.6667  956.3333 ]
 [770.      795.6667 ]
 [808.6667  830.3333 ]
 [734.      878.3333 ]
 [631.5     937.5    ]
 [606.      950.     ]
 [534.      928.     ]
 [573.      953.     ]]"
e221,e221,e,"[[698.5 481. ]
 [678.  470. ]
 [670.5 498.5]
 [689.  497.5]
 [686.  515. ]
 [662.  516.5]
 [660.  535.5]
 [647.  505.5]
 [648.5 488. ]
 [641.  524.5]
 [625.5 491.5]
 [616.5 506.5]
 [607.5 487. ]
 [599.  512.5]
 [579.  514.5]
 [581.  497.5]
 [568.5 480. ]
 [590.5 465. ]
 [619.  461.5]
 [619.  445. ]
 [636.5 465. ]
 [658.5 453.5]
 [642.5 439. ]
 [533.  480.5]
 [517.  467. ]
 [504.  488.5]
 [524.5 497.5]
 [527.5 512. ]
 [515.5 529.5]
 [528.  523. ]
 [507.5 510. ]
 [508.  540.5]
 [494.5 544.5]
 [510.  560. ]
 [506.  577. ]
 [521.  578.5]
 [540.5 599. ]
 [543.5 577. ]
 [552.  547.5]
 [548.5 529. ]
 [575.5 537.5]
 [570.  564.5]
 [565.5 589. ]
 [588.  587.5]
 [604.  580.5]
 [592.  561. ]
 [598.5 603.5]
 [604.  540.5]
 [627.5 541. ]
 [623.5 561.5]
 [641.  580.5]
 [648.5 555. ]
 [663.5 573.5]
 [680.5 564.5]
 [691.  583.5]
 [702.5 568. ]
 [721.5 577. ]
 [714.  582.5]
 [708.  590.5]
 [699.5 609. ]
 [675.  599.5]
 [660.5 629.5]
 [641.  609. ]
 [640.5 627. ]
 [680.  638.5]
 [699.  630.5]
 [710.  647. ]
 [722.5 632. ]
 [746.5 634.5]
 [767.  645.5]
 [776.5 664. ]
 [752.  653.5]
 [752.  674.5]
 [733.5 648.5]
 [728.  670. ]
 [712.  666. ]
 [692.5 655. ]
 [734.  611. ]
 [730.  597.5]
 [709.  537. ]
 [697.  534.5]
 [700.  520. ]]"
e274,e274,e,"[[675.  458.5]
 [658.5 470. ]
 [649.  489. ]
 [677.  487. ]
 [676.  511. ]
 [675.  540.5]
 [656.  529.5]
 [645.  545.5]
 [661.5 557. ]
 [652.  584.5]
 [642.  564.5]
 [632.5 572. ]
 [636.  595.5]
 [615.  588. ]
 [615.  610. ]
 [590.  606.5]
 [586.  582. ]
 [605.5 574.5]
 [607.5 551. ]
 [618.5 534. ]
 [604.5 521. ]
 [603.5 502. ]
 [587.5 513.5]
 [588.  534.5]
 [590.  562. ]
 [573.5 564. ]
 [557.  576. ]
 [553.  550. ]
 [562.5 535.5]
 [572.5 519. ]
 [561.5 500. ]
 [558.5 480.5]
 [575.5 455.5]
 [583.  476. ]
 [624.  455.5]
 [631.5 473.5]
 [631.  497.5]
 [546.5 517. ]
 [520.5 518.5]
 [531.  504. ]
 [510.  535. ]
 [498.5 551.5]
 [520.  557.5]
 [486.5 574. ]
 [464.  565. ]
 [480.  538.5]
 [498.5 487.5]
 [479.5 483.5]
 [446.5 497.5]
 [445.  476. ]
 [427.  480.5]
 [420.5 499.5]
 [406.5 483.5]
 [388.5 488.5]
 [373.5 474.5]
 [359.  466. ]
 [403.  503.5]
 [424.5 526. ]
 [445.  516.5]
 [472.5 546. ]
 [482.  501.5]
 [542.5 600. ]
 [536.  556. ]
 [532.  531. ]
 [620.5 510.5]
 [516.  478. ]
 [535.5 483. ]
 [555.5 454. ]
 [493.5 520.5]
 [509.  504. ]
 [462.5 502.5]
 [469.  525.5]
 [504.  585. ]
 [539.  579. ]]"
d589,d589,d,"[[589.      633.3333 ]
 [572.3333  620.     ]
 [603.6667  618.     ]
 [614.3333  635.3333 ]
 [617.      661.3333 ]
 [603.6667  703.3333 ]
 [588.3333  690.6667 ]
 [571.      698.6667 ]
 [573.      678.6667 ]
 [550.3333  662.     ]
 [559.      641.3333 ]
 [529.6667  664.     ]
 [511.      673.3333 ]
 [495.66666 685.3333 ]
 [507.66666 699.3333 ]
 [518.3333  716.6667 ]
 [535.6667  716.6667 ]
 [538.3333  697.3333 ]
 [554.3333  682.     ]
 [568.3333  726.6667 ]
 [575.6667  714.     ]
 [586.3333  730.     ]]"
e209,e209,e,"[[625.3333  487.33334]
 [614.6667  527.6667 ]
 [587.3333  535.     ]
 [596.      522.     ]
 [588.      504.     ]
 [584.      553.     ]
 [591.3333  573.3333 ]
 [605.3333  587.6667 ]
 [623.3333  586.3333 ]
 [571.6667  600.3333 ]
 [554.6667  618.     ]
 [544.3333  632.     ]
 [549.6667  650.3333 ]
 [527.6667  644.6667 ]
 [556.3333  581.6667 ]]"
e2650a,e2650a,e,"[[1259.6666  609.6667]
 [1234.6666  606.6667]
 [1234.      587.    ]
 [1217.6666  616.    ]
 [1216.3334  637.6667]
 [1203.3334  625.6667]
 [1194.6666  610.    ]
 [1180.6666  631.    ]
 [1193.3334  638.3333]
 [1164.      637.    ]
 [1143.6666  599.    ]
 [1119.3334  605.3333]
 [1131.6666  585.6667]
 [1163.      592.6667]
 [1109.      617.6667]
 [1206.      581.    ]
 [1237.3334  675.    ]
 [1218.6666  689.3333]
 [1203.3334  691.    ]
 [1199.6666  668.3333]
 [1214.3334  668.6667]
 [1190.6666  658.3333]
 [1171.3334  657.6667]
 [1170.3334  678.3333]
 [1147.      682.3333]
 [1158.3334  682.3333]
 [1156.6666  662.    ]
 [1140.6666  665.6667]
 [1118.6666  663.6667]
 [1115.      649.3333]
 [1126.      648.6667]
 [1129.      682.3333]
 [1194.      728.    ]
 [1182.      711.5   ]
 [1170.      703.    ]
 [1153.      701.    ]
 [1163.5     718.5   ]
 [1168.5     738.    ]
 [1148.5     737.    ]
 [1132.      741.    ]
 [1133.5     724.    ]
 [1134.      703.5   ]
 [1117.5     729.5   ]
 [1114.      741.5   ]
 [1138.5     778.    ]
 [1141.      764.5   ]
 [1156.      775.    ]
 [1174.5     772.5   ]
 [1224.3334  710.    ]
 [1210.      710.    ]
 [1116.      777.    ]
 [1237.      703.6667]
 [1211.3334  734.3333]]"
v6010,v6010,v,"[[2764.6667 3560.3333]
 [2736.6667 3609.6667]
 [2778.     3601.6667]
 [2786.     3653.6667]
 [2747.3333 3740.3333]
 [2788.6667 3735.    ]
 [2780.6667 3768.3333]
 [2751.3333 3793.6667]
 [2715.3333 3801.6667]
 [2730.     3833.6667]
 [2694.     3839.    ]
 [2752.6667 3827.    ]
 [2770.     3491.    ]
 [2774.     3464.3333]
 [2798.     3471.    ]
 [2819.3333 3511.    ]
 [2796.6667 3425.6667]
 [2826.     3412.3333]
 [2778.     3395.    ]
 [2760.6667 3377.6667]
 [2778.     3360.3333]
 [2759.3333 3333.6667]
 [2726.     3351.    ]
 [2820.6667 3632.3333]
 [2808.6667 3541.6667]
 [2842.     3537.6667]
 [2806.     3565.6667]
 [2832.6667 3572.3333]
 [2810.     3343.    ]
 [2852.6667 3341.6667]
 [2835.3333 3448.3333]
 [2840.6667 3724.3333]
 [2814.     3684.3333]
 [2879.3333 3696.3333]
 [2859.3333 3676.3333]
 [2796.6667 3801.6667]
 [2827.3333 3799.    ]
 [2850.     3788.3333]
 [2867.3333 3759.    ]
 [2898.     3753.6667]
 [2922.     3721.6667]
 [2851.3333 3816.3333]
 [2876.6667 3829.6667]
 [2806.     3860.3333]
 [2799.3333 3840.3333]
 [2775.3333 3888.3333]
 [2759.3333 3892.3333]]"
e317,e317,e,"[[751.      396.     ]
 [754.      383.     ]
 [764.      369.     ]
 [742.      358.     ]
 [720.      376.     ]
 [733.      390.     ]
 [741.      397.     ]
 [724.      411.     ]
 [705.      398.     ]
 [699.      368.     ]
 [677.      372.     ]
 [660.      354.     ]
 [638.      342.     ]
 [644.      366.     ]
 [627.      377.     ]
 [604.      364.     ]
 [601.      401.     ]
 [621.      401.     ]
 [669.      390.     ]
 [659.      381.     ]
 [660.      430.     ]
 [639.      430.     ]
 [671.      456.     ]
 [677.      436.     ]
 [690.      454.     ]
 [688.      475.     ]
 [689.      410.     ]
 [714.      435.     ]
 [733.      439.     ]
 [731.      462.     ]
 [733.      488.     ]
 [753.      500.     ]
 [749.      515.     ]
 [751.      552.     ]
 [767.      541.     ]
 [779.      549.     ]
 [797.      567.     ]
 [801.      539.     ]
 [783.      525.     ]
 [775.      484.     ]
 [752.      469.     ]
 [754.      446.     ]
 [772.      436.     ]
 [763.      401.     ]
 [745.      422.     ]
 [805.      401.     ]
 [808.      382.     ]
 [775.      391.     ]
 [812.      424.     ]
 [835.      428.     ]
 [843.      454.     ]
 [811.      438.     ]
 [791.      438.     ]
 [795.      459.     ]
 [819.      502.     ]
 [829.      520.     ]
 [832.      540.     ]
 [810.      527.     ]
 [841.      496.     ]
 [844.      475.     ]
 [873.      471.     ]
 [886.      489.     ]
 [904.      476.     ]
 [871.      509.     ]
 [861.      518.     ]
 [830.      407.     ]
 [620.6667  350.     ]
 [849.6667  407.66666]
 [772.6667  460.33334]
 [791.6667  495.66666]
 [821.6667  463.     ]
 [770.6667  576.6667 ]
 [746.6667  533.3333 ]
 [762.      518.3333 ]
 [861.6667  497.33334]
 [805.3333  491.33334]
 [708.      468.     ]
 [716.3333  449.     ]]"
e4048,e4048,e,"[[646.      448.     ]
 [588.6667  439.33334]
 [611.3333  444.66666]
 [616.6667  473.33334]
 [640.6667  484.66666]
 [584.6667  464.     ]
 [566.      440.     ]
 [554.      453.33334]
 [582.      501.33334]
 [558.      478.     ]
 [565.3333  496.     ]
 [592.6667  486.     ]
 [580.      524.     ]
 [564.6667  533.3333 ]
 [556.6667  510.     ]
 [543.3333  523.3333 ]
 [531.3333  506.     ]
 [518.6667  517.3333 ]
 [526.      542.     ]
 [513.3333  560.     ]
 [540.      576.     ]
 [571.3333  566.     ]
 [494.      546.6667 ]
 [498.66666 564.     ]
 [485.33334 557.3333 ]
 [478.66666 544.     ]
 [472.      522.6667 ]
 [460.66666 501.33334]
 [442.      468.     ]
 [447.33334 479.33334]
 [451.33334 442.66666]
 [467.33334 453.33334]
 [484.      457.33334]
 [480.66666 435.33334]
 [467.33334 422.66666]
 [496.66666 488.     ]
 [490.      513.3333 ]
 [508.66666 453.33334]]"
e4039,e4039,e,"[[576. 402.]
 [586. 449.]
 [570. 469.]
 [621. 444.]
 [640. 430.]
 [651. 414.]
 [662. 396.]
 [646. 379.]
 [626. 388.]
 [616. 412.]
 [642. 470.]
 [620. 474.]
 [639. 500.]
 [612. 518.]
 [637. 536.]
 [657. 554.]
 [664. 577.]
 [655. 599.]
 [691. 616.]
 [718. 633.]
 [716. 591.]
 [697. 578.]
 [712. 560.]
 [686. 556.]
 [692. 524.]
 [718. 508.]
 [728. 540.]
 [762. 496.]
 [729. 488.]
 [712. 460.]
 [712. 481.]
 [690. 471.]
 [678. 446.]
 [678. 418.]
 [687. 396.]
 [706. 372.]
 [730. 390.]
 [706. 354.]
 [686. 358.]
 [672. 492.]
 [690. 495.]
 [669. 520.]
 [749. 470.]
 [772. 470.]
 [767. 434.]
 [750. 414.]
 [764. 402.]
 [776. 384.]
 [756. 376.]
 [725. 452.]
 [791. 416.]
 [832. 446.]
 [820. 489.]
 [800. 481.]
 [850. 496.]
 [839. 527.]
 [826. 542.]
 [814. 530.]
 [790. 508.]
 [869. 467.]
 [878. 492.]
 [873. 512.]
 [880. 546.]
 [905. 544.]
 [926. 534.]
 [912. 513.]
 [936. 569.]
 [868. 582.]]"
e4044,e4044,e,"[[683.      415.66666]
 [670.3333  436.33334]
 [683.6667  459.66666]
 [657.      413.     ]
 [637.      419.66666]
 [618.3333  421.     ]
 [607.      438.33334]
 [601.6667  455.66666]
 [601.      495.66666]
 [595.      471.66666]
 [577.6667  467.     ]
 [579.      441.     ]
 [575.6667  411.66666]
 [555.6667  415.     ]
 [543.6667  423.66666]
 [533.      439.     ]
 [519.6667  417.66666]
 [531.      400.33334]
 [545.      387.     ]
 [568.3333  371.     ]
 [507.66666 433.     ]
 [605.6667  379.66666]
 [519.6667  464.33334]
 [514.3333  483.66666]
 [473.66666 472.33334]
 [503.66666 515.6667 ]
 [527.6667  518.3333 ]
 [534.3333  497.     ]
 [565.6667  493.66666]
 [559.6667  476.33334]
 [577.6667  515.     ]
 [555.      524.3333 ]
 [520.3333  547.6667 ]
 [490.33334 557.6667 ]
 [508.33334 572.3333 ]
 [533.6667  583.     ]
 [538.3333  571.     ]
 [559.      581.6667 ]
 [589.      571.     ]
 [601.6667  547.     ]
 [611.6667  533.6667 ]
 [614.3333  563.     ]
 [631.6667  550.3333 ]
 [635.6667  567.6667 ]
 [655.6667  560.3333 ]
 [655.6667  543.     ]
 [669.6667  535.     ]
 [653.6667  510.33334]
 [650.3333  491.     ]
 [666.3333  487.     ]
 [657.      460.33334]
 [636.3333  471.     ]
 [635.6667  517.     ]
 [634.3333  494.33334]
 [619.6667  585.     ]
 [595.      605.     ]
 [573.6667  595.6667 ]
 [558.3333  601.     ]
 [543.      602.3333 ]
 [549.6667  622.3333 ]
 [532.3333  641.     ]
 [519.      623.6667 ]
 [518.3333  598.3333 ]
 [566.3333  651.6667 ]
 [592.3333  646.3333 ]
 [578.3333  665.     ]
 [589.      668.3333 ]
 [560.3333  680.3333 ]
 [615.      653.     ]
 [570.3333  622.3333 ]]"
v120,v120,v,"[[701.6667  410.     ]
 [723.      405.33334]
 [725.      380.     ]
 [693.      379.33334]
 [685.      470.     ]
 [717.      478.66666]
 [737.6667  488.     ]
 [756.3333  459.33334]
 [711.      511.33334]
 [691.6667  523.3333 ]
 [699.6667  542.     ]
 [677.6667  546.     ]
 [760.3333  559.3333 ]
 [785.6667  549.3333 ]
 [799.      532.6667 ]
 [781.      526.6667 ]
 [765.6667  594.6667 ]
 [805.6667  620.     ]
 [817.6667  603.3333 ]
 [847.6667  643.3333 ]
 [879.      675.3333 ]
 [897.      688.6667 ]
 [894.3333  666.     ]
 [785.      604.6667 ]
 [753.3333  533.6667 ]
 [663.6667  387.66666]
 [621.      335.66666]
 [619.6667  310.33334]
 [598.3333  305.66666]
 [579.      301.66666]
 [661.      431.     ]
 [719.      447.5    ]]"
e4027,e4027,e,"[[924.      229.     ]
 [948.      208.     ]
 [912.      263.     ]
 [924.      287.     ]
 [894.      249.     ]
 [908.      243.     ]
 [878.      241.     ]
 [861.      257.     ]
 [845.      278.     ]
 [842.      304.     ]
 [882.      318.     ]
 [892.      284.     ]
 [927.      319.     ]
 [874.      345.     ]
 [883.      371.     ]
 [892.      408.     ]
 [914.      394.     ]
 [930.      375.     ]
 [907.      448.     ]
 [846.      394.     ]
 [823.      372.     ]
 [832.      343.     ]
 [827.      321.     ]
 [809.      315.     ]
 [798.      321.     ]
 [809.      295.     ]
 [777.      349.     ]
 [764.      371.     ]
 [766.      402.     ]
 [772.      436.     ]
 [756.      459.     ]
 [776.      475.     ]
 [769.      497.     ]
 [805.      477.     ]
 [827.      447.     ]
 [847.      447.     ]
 [845.      246.     ]
 [831.      264.66666]
 [781.6667  536.6666 ]]"
e205,e205,e,"[[636.      492.33334]
 [632.3333  517.     ]
 [645.      505.     ]
 [621.      502.     ]
 [617.6667  523.6667 ]
 [599.      522.6667 ]
 [599.3333  498.66666]
 [583.6667  509.33334]
 [580.6667  531.3333 ]
 [592.6667  532.     ]
 [578.3333  551.3333 ]
 [566.6667  572.6667 ]
 [567.3333  617.3333 ]
 [583.      604.3333 ]
 [595.      601.3333 ]
 [588.      581.6667 ]
 [584.      567.3333 ]
 [603.3333  563.6667 ]
 [605.      583.6667 ]
 [619.6667  586.6667 ]
 [608.3333  608.6667 ]
 [622.6667  562.3333 ]
 [614.6667  544.     ]
 [639.3333  581.     ]
 [653.3333  594.6667 ]
 [667.      578.3333 ]
 [656.3333  612.6667 ]
 [675.6667  613.     ]
 [652.6667  564.     ]
 [629.6667  618.6667 ]
 [626.      604.6667 ]
 [577.6667  630.     ]
 [653.      543.6667 ]
 [647.6667  553.6667 ]
 [663.3333  538.     ]]"
e340,e340,e,"[[681.      349.     ]
 [705.      373.66666]
 [729.6667  371.     ]
 [745.      390.33334]
 [759.6667  405.66666]
 [718.3333  396.33334]
 [698.3333  399.66666]
 [667.6667  383.66666]
 [653.6667  397.66666]
 [677.      416.33334]
 [643.6667  428.33334]
 [622.3333  423.     ]
 [622.3333  449.66666]
 [606.3333  453.     ]
 [615.6667  469.     ]
 [573.6667  480.33334]
 [553.      525.     ]
 [559.6667  517.     ]
 [577.      525.     ]
 [595.      522.3333 ]
 [559.6667  544.3333 ]
 [574.3333  565.6667 ]
 [589.6667  573.     ]
 [581.6667  603.     ]
 [538.3333  588.3333 ]
 [537.6667  643.     ]
 [557.      641.     ]
 [562.3333  620.3333 ]
 [539.6667  541.6667 ]
 [592.5     499.     ]
 [567.5     495.5    ]
 [586.5     543.     ]
 [581.5     459.5    ]
 [603.      480.     ]]"
d126,d126,d,"[[665.      438.66666]
 [679.6667  459.33334]
 [701.      474.     ]
 [651.6667  475.33334]
 [638.3333  498.     ]
 [659.      506.66666]
 [731.6667  495.66666]
 [728.3333  523.     ]
 [705.      519.6667 ]
 [735.      538.3333 ]
 [758.3333  523.     ]
 [778.3333  568.3333 ]
 [779.      589.6667 ]
 [755.      598.3333 ]
 [759.6667  579.     ]
 [738.3333  587.     ]
 [801.6667  611.6667 ]
 [784.3333  643.     ]
 [740.3333  627.     ]
 [712.3333  550.3333 ]
 [691.      542.3333 ]
 [664.3333  545.3333 ]
 [645.      557.3333 ]
 [629.      570.6667 ]
 [599.6667  594.6667 ]
 [591.6667  614.     ]
 [626.3333  608.6667 ]
 [648.3333  634.     ]
 [696.3333  640.6667 ]
 [702.3333  618.     ]
 [707.      594.6667 ]
 [686.3333  580.6667 ]
 [695.      680.     ]
 [681.      660.6667 ]
 [676.3333  694.     ]
 [651.6667  688.6667 ]
 [656.3333  716.     ]
 [673.6667  728.6667 ]
 [615.      706.6667 ]
 [601.6667  670.6667 ]
 [666.3333  746.6667 ]
 [745.6667  678.     ]
 [734.3333  694.6667 ]
 [731.6667  567.6667 ]
 [668.3333  633.     ]
 [712.3333  656.3333 ]]"
v1020,v1020,v,"[[1151.5  299.5]
 [1124.5  316. ]
 [1129.   299.5]
 [1110.5  292. ]
 [1088.5  268.5]
 [1024.5  278. ]
 [1003.   306.5]
 [ 980.   313. ]
 [ 967.   354. ]
 [ 971.5  387.5]
 [ 990.5  399. ]
 [ 999.5  385.5]
 [1028.5  385.5]
 [1015.5  414.5]
 [1006.5  435. ]
 [1041.   403.5]
 [1059.5  392. ]
 [1044.5  384. ]
 [1054.5  364.5]
 [1040.   367. ]
 [1017.   369.5]
 [1019.   348.5]
 [1039.5  345. ]
 [1067.5  332.5]
 [1041.5  328.5]
 [1108.   347. ]
 [1146.5  348. ]
 [1186.   337. ]
 [1173.5  368. ]
 [1200.5  362. ]
 [1189.5  396. ]
 [1171.   410.5]
 [1148.5  395.5]
 [1168.   383.5]
 [1141.5  369. ]
 [1168.   434.5]
 [1182.   421.5]
 [1116.   434. ]
 [1140.5  431.5]
 [1115.5  404. ]
 [1106.   383.5]
 [1100.5  365.5]
 [1094.5  352. ]
 [1078.   362. ]
 [1079.   428.5]
 [1093.   443. ]
 [1053.5  438.5]
 [1047.5  460. ]
 [1074.   449.5]
 [1071.   473.5]
 [1066.   486.5]
 [1093.5  463.5]
 [1091.   486.5]
 [1126.   481.5]
 [1141.5  472. ]
 [1125.   457.5]
 [1144.5  448. ]
 [1172.   346. ]
 [ 991.5  367.5]
 [1012.5  291.5]
 [1035.   295. ]
 [1083.5  326.5]
 [1100.5  416.5]
 [1206.   388. ]]"
v1120,v1120,v,"[[174.      828.     ]
 [164.      781.     ]
 [130.      741.3333 ]
 [147.33333 689.3333 ]
 [126.      688.     ]
 [138.      657.3333 ]
 [177.33333 686.6667 ]
 [172.66667 666.6667 ]
 [189.33333 665.3333 ]
 [188.      647.3333 ]
 [169.33333 641.3333 ]
 [179.33333 627.3333 ]
 [188.      614.6667 ]
 [202.66667 600.     ]
 [209.33333 582.     ]
 [199.33333 570.     ]
 [219.33333 623.3333 ]
 [196.      634.     ]
 [205.33333 656.     ]
 [205.33333 694.6667 ]
 [220.      722.     ]
 [220.66667 742.     ]
 [220.66667 760.     ]
 [212.      781.3333 ]
 [198.      765.3333 ]
 [184.66667 752.6667 ]
 [178.66667 770.     ]
 [192.66667 795.3333 ]
 [241.33333 828.     ]
 [256.66666 840.     ]
 [253.33333 751.3333 ]
 [238.66667 757.3333 ]
 [239.33333 736.6667 ]
 [259.33334 731.3333 ]
 [266.      712.6667 ]
 [236.66667 708.     ]
 [234.      688.6667 ]
 [230.66667 672.     ]
 [260.66666 689.3333 ]
 [278.66666 685.3333 ]
 [286.66666 738.     ]
 [276.      750.6667 ]
 [296.      754.6667 ]
 [317.33334 768.6667 ]
 [320.66666 749.3333 ]
 [341.33334 757.3333 ]
 [341.33334 738.6667 ]
 [346.66666 776.     ]
 [346.66666 683.3333 ]
 [330.66666 677.3333 ]
 [314.      668.6667 ]
 [324.66666 654.6667 ]
 [294.      642.     ]
 [274.66666 650.     ]
 [256.66666 631.3333 ]
 [228.      636.     ]
 [238.66667 620.     ]
 [136.      765.3333 ]
 [362.      707.3333 ]
 [390.      716.     ]
 [369.33334 674.6667 ]
 [366.      658.     ]
 [345.33334 653.3333 ]
 [334.66666 642.     ]
 [319.33334 632.     ]
 [329.33334 610.     ]
 [318.66666 596.6667 ]
 [310.      620.6667 ]
 [286.66666 625.3333 ]
 [291.33334 593.3333 ]
 [291.33334 578.6667 ]
 [292.66666 557.3333 ]
 [276.66666 540.     ]
 [272.66666 558.     ]
 [252.      571.3333 ]
 [254.      594.     ]
 [245.33333 547.3333 ]
 [252.      536.6667 ]
 [404.      637.     ]
 [389.33334 630.3333 ]
 [371.33334 621.6667 ]
 [358.66666 607.     ]
 [350.      589.     ]
 [326.66666 581.6667 ]
 [320.66666 559.6667 ]
 [329.33334 535.     ]
 [316.66666 513.6667 ]
 [302.      513.     ]
 [354.      557.     ]
 [365.33334 546.3333 ]
 [358.66666 511.     ]
 [408.66666 512.3333 ]
 [428.      525.6667 ]
 [421.33334 547.     ]
 [384.66666 555.6667 ]
 [385.33334 543.     ]
 [378.      571.6667 ]
 [390.      589.     ]
 [410.      619.     ]
 [424.      626.3333 ]
 [400.      601.6667 ]
 [454.66666 608.3333 ]
 [394.66666 522.6667 ]
 [462.      544.6667 ]
 [463.33334 528.     ]
 [474.      509.33334]
 [483.33334 540.     ]
 [480.      563.3333 ]
 [490.66666 522.6667 ]
 [474.      593.3333 ]
 [488.      579.3333 ]
 [457.33334 560.6667 ]
 [444.      552.6667 ]
 [446.      537.3333 ]
 [482.66666 478.     ]
 [438.      462.66666]
 [470.      429.33334]
 [416.      407.33334]
 [404.      396.     ]
 [392.      409.33334]
 [444.66666 476.     ]
 [410.66666 590.     ]
 [438.      587.3333 ]
 [374.      528.     ]
 [487.33334 494.     ]]"
e4013,e4013,e,"[[595.      331.     ]
 [593.      358.     ]
 [611.      371.     ]
 [572.      375.     ]
 [535.      351.     ]
 [516.      339.     ]
 [526.      321.     ]
 [533.      299.     ]
 [491.      317.     ]
 [507.      359.     ]
 [529.      373.     ]
 [566.      314.     ]
 [545.      402.     ]
 [544.      420.     ]
 [557.      438.     ]
 [551.      451.     ]
 [546.      473.     ]
 [565.      481.     ]
 [573.      458.     ]
 [585.      479.     ]
 [597.      456.     ]
 [595.      435.     ]
 [581.      414.     ]
 [618.      485.     ]
 [591.      513.     ]
 [609.      523.     ]
 [590.      536.     ]
 [571.      516.     ]
 [551.      537.     ]
 [530.      507.     ]
 [589.      571.     ]
 [579.      552.     ]
 [617.      553.     ]
 [631.      583.     ]
 [652.      571.     ]
 [639.      561.     ]
 [661.      584.     ]
 [600.      595.     ]
 [687.      497.     ]
 [706.6667  494.6667 ]
 [661.      491.     ]
 [673.      345.     ]
 [665.      332.     ]
 [646.6667  328.66666]
 [627.3333  344.     ]
 [530.6667  460.     ]
 [520.6667  392.     ]]"
e4036a,e4036a,e,"[[822.3333  456.33334]
 [804.3333  473.66666]
 [809.6667  500.33334]
 [826.3333  485.66666]
 [845.      472.33334]
 [891.6667  483.     ]
 [796.3333  453.66666]
 [767.      470.33334]
 [745.      470.33334]
 [775.      453.66666]
 [737.6667  442.33334]
 [739.6667  495.     ]
 [779.6667  537.6667 ]
 [785.6667  556.3333 ]
 [781.6667  582.3333 ]
 [809.      587.6667 ]
 [833.      563.     ]
 [822.3333  525.     ]
 [803.6667  533.6667 ]
 [822.3333  545.     ]
 [845.      527.6667 ]]"
e198,e198,e,"[[742.      609.     ]
 [722.6667  597.     ]
 [716.      615.     ]
 [690.6667  618.3333 ]
 [750.6667  596.3333 ]
 [750.6667  579.     ]
 [775.3333  564.3333 ]
 [780.      581.     ]
 [798.      599.     ]
 [794.6667  568.3333 ]
 [800.      555.     ]
 [804.6667  580.3333 ]
 [798.6667  529.     ]
 [721.3333  571.     ]
 [741.3333  557.6667 ]
 [757.3333  553.     ]
 [728.      550.3333 ]
 [704.6667  563.     ]
 [711.3333  545.     ]
 [702.      536.3333 ]
 [688.      542.3333 ]
 [692.6667  515.     ]
 [711.3333  515.     ]
 [716.6667  503.     ]
 [738.6667  492.33334]
 [746.6667  473.66666]
 [730.      473.66666]
 [757.3333  495.     ]
 [681.3333  590.3333 ]
 [661.3333  596.3333 ]
 [650.      615.     ]
 [642.      598.3333 ]
 [589.3333  617.     ]
 [562.      628.3333 ]
 [587.3333  592.3333 ]
 [607.3333  595.6667 ]
 [624.6667  585.6667 ]
 [642.6667  575.     ]
 [626.      563.     ]
 [650.6667  554.3333 ]
 [681.3333  562.3333 ]
 [658.6667  537.     ]
 [674.      525.6667 ]
 [645.3333  517.     ]
 [646.      499.     ]
 [648.      473.66666]
 [652.6667  449.     ]
 [656.      429.66666]
 [677.3333  426.33334]
 [672.      402.33334]
 [656.6667  412.33334]
 [671.3333  449.66666]
 [677.3333  467.     ]
 [712.6667  457.66666]
 [708.6667  439.     ]
 [693.3333  458.33334]
 [712.6667  480.33334]
 [694.      498.33334]
 [692.      468.33334]
 [602.      457.     ]
 [584.      448.33334]
 [598.6667  478.33334]
 [584.6667  481.66666]
 [615.3333  497.     ]
 [632.6667  489.66666]
 [630.      445.     ]
 [618.      519.6667 ]
 [601.3333  527.     ]
 [592.6667  549.     ]
 [600.6667  568.3333 ]
 [611.3333  556.3333 ]
 [576.6667  564.3333 ]
 [567.3333  580.3333 ]
 [550.      594.3333 ]
 [524.6667  602.3333 ]
 [528.6667  573.     ]
 [544.6667  528.3333 ]
 [564.      527.6667 ]
 [580.      515.6667 ]
 [590.6667  499.66666]
 [581.3333  533.6667 ]
 [556.      465.     ]
 [548.      478.33334]
 [522.6667  502.33334]
 [529.3333  515.6667 ]
 [508.      514.3333 ]
 [501.33334 495.     ]
 [511.33334 481.     ]
 [486.      506.33334]
 [496.66666 527.6667 ]
 [542.6667  553.     ]
 [655.3333  399.     ]
 [632.6667  405.     ]
 [566.6667  513.     ]
 [564.6667  493.     ]]"
d1894,d1894,d,"[[795.      612.     ]
 [820.      604.     ]
 [831.      617.     ]
 [825.      583.     ]
 [802.      584.     ]
 [825.      567.     ]
 [832.      550.     ]
 [809.      549.     ]
 [787.      560.     ]
 [795.      575.     ]
 [757.      537.     ]
 [725.      516.     ]
 [745.      525.     ]
 [756.      511.     ]
 [733.      538.     ]
 [728.      558.     ]
 [749.      558.     ]
 [722.      626.     ]
 [712.      623.     ]
 [713.      595.     ]
 [714.      574.     ]
 [701.      559.     ]
 [711.      540.     ]
 [663.      527.     ]
 [684.      524.     ]
 [675.      564.     ]
 [694.      614.     ]
 [639.      626.     ]
 [636.      607.     ]
 [636.      577.     ]
 [618.      595.     ]
 [582.      596.     ]
 [543.      602.     ]
 [517.      606.     ]
 [519.      631.     ]
 [531.      664.     ]
 [490.      654.     ]
 [467.      689.     ]
 [841.6666  509.33334]
 [816.6666  511.     ]
 [779.6666  527.     ]
 [791.      540.3333 ]
 [527.6667  647.     ]]"
e207,e207,e,"[[864.  238.5]
 [859.5 225. ]
 [845.5 225.5]
 [830.  238.5]
 [852.  258. ]
 [868.5 255.5]
 [884.  239. ]
 [878.  275.5]
 [861.  275.5]
 [859.5 300.5]
 [843.5 289. ]
 [838.5 274.5]
 [824.  283. ]
 [807.  283. ]
 [818.  300. ]
 [817.  330. ]
 [835.  316. ]
 [850.  316.5]
 [859.  332.5]
 [877.5 326. ]
 [871.  309.5]
 [888.5 307. ]
 [886.  344.5]
 [851.5 352. ]
 [858.5 361. ]
 [849.  375. ]
 [844.  370. ]
 [842.  340. ]
 [826.  349. ]
 [811.  352.5]
 [826.  382.5]
 [798.  361. ]
 [807.5 380. ]
 [807.  399.5]
 [822.  410. ]
 [840.5 399.5]
 [856.5 402. ]
 [862.5 385. ]
 [834.  425. ]
 [808.5 450. ]
 [821.5 429.5]
 [809.  425.5]
 [795.  438.5]
 [794.  420.5]
 [778.5 434. ]
 [789.5 458.5]
 [765.5 454.5]
 [760.5 453. ]
 [745.5 465.5]
 [750.  488.5]
 [757.5 500.5]
 [801.  476.5]
 [756.5 524. ]
 [727.  523.5]
 [717.  502.5]
 [731.5 476.5]
 [702.5 505. ]
 [701.  521.5]
 [687.5 508.5]
 [704.  460.5]
 [711.  477.5]
 [724.  461.5]
 [738.5 450. ]
 [739.  426. ]
 [717.5 421. ]
 [705.5 407. ]
 [730.5 377.5]
 [743.5 385. ]
 [764.5 397. ]
 [768.  412.5]
 [759.  424.5]
 [750.5 402. ]
 [784.5 405. ]
 [784.5 381.5]
 [781.  358.5]
 [763.5 370.5]
 [764.  346.5]
 [795.  342.5]
 [789.  327. ]
 [796.5 305.5]
 [774.5 308.5]
 [717.5 396.5]
 [772.5 387.5]
 [816.  261.5]]"
e307,e307,e,"[[751.     742.    ]
 [771.     755.    ]
 [734.     768.    ]
 [726.     747.    ]
 [709.     759.    ]
 [715.     775.    ]
 [702.     784.    ]
 [673.     783.    ]
 [655.     795.    ]
 [688.     780.    ]
 [688.     764.    ]
 [684.     825.    ]
 [722.     809.    ]
 [746.     806.    ]
 [742.     786.    ]
 [759.     800.    ]
 [772.     821.    ]
 [762.     838.    ]
 [757.     823.    ]
 [743.     844.    ]
 [761.     862.    ]
 [783.     850.    ]
 [789.     810.    ]
 [805.     852.    ]
 [788.     869.    ]
 [743.     888.    ]
 [810.     830.    ]
 [679.3333 802.6667]
 [737.     820.6667]
 [781.6667 783.3333]
 [791.3333 829.    ]
 [762.     898.6667]
 [791.     883.3333]
 [740.6667 863.3333]
 [798.3333 768.3333]]"
v1079,v1079,v,"[[685.6667  455.33334]
 [662.      418.5    ]
 [660.5     459.5    ]
 [641.      456.     ]
 [614.5     434.     ]
 [603.      452.5    ]
 [582.5     444.5    ]
 [565.      454.5    ]
 [549.5     468.5    ]
 [526.5     454.     ]
 [524.      479.     ]
 [507.5     484.     ]
 [538.      493.5    ]
 [557.5     492.5    ]
 [588.      477.     ]
 [605.5     489.5    ]
 [638.5     512.5    ]
 [627.5     490.5    ]
 [681.5     504.     ]
 [664.5     520.     ]
 [694.      540.     ]
 [640.      558.     ]
 [614.      551.5    ]
 [617.5     533.     ]
 [610.5     518.5    ]
 [588.5     515.     ]
 [590.5     501.     ]
 [525.      540.5    ]
 [536.      517.5    ]
 [513.5     521.5    ]
 [506.5     550.5    ]
 [488.5     556.5    ]
 [472.      550.     ]
 [500.5     593.5    ]
 [513.      575.     ]
 [525.      598.5    ]
 [537.5     578.     ]
 [560.5     567.5    ]
 [548.5     542.5    ]
 [570.      538.5    ]
 [591.5     547.5    ]
 [590.5     560.5    ]
 [668.5     543.5    ]
 [660.      559.     ]
 [647.5     573.     ]
 [712.5     554.5    ]]"
d102,d102,d,"[[729.3333  366.66666]
 [720.6667  385.33334]
 [690.6667  367.33334]
 [670.      371.33334]
 [684.      386.66666]
 [676.6667  355.33334]
 [638.6667  378.66666]
 [624.      387.33334]
 [634.      414.66666]
 [661.3333  408.     ]
 [750.      392.66666]
 [784.      412.66666]
 [731.3333  425.66666]
 [756.      426.33334]
 [688.      441.66666]
 [703.3333  422.33334]
 [722.6667  410.33334]
 [674.6667  457.66666]
 [696.      459.     ]
 [684.6667  483.     ]
 [664.6667  477.     ]
 [653.3333  465.66666]
 [636.6667  469.66666]
 [631.3333  452.33334]
 [618.      455.     ]
 [615.3333  437.66666]
 [735.3333  445.     ]
 [770.      449.     ]
 [664.      508.66666]
 [618.      509.33334]
 [636.      517.3333 ]
 [590.      504.     ]
 [600.6667  482.66666]
 [610.      530.6667 ]
 [609.3333  552.     ]
 [556.      556.6667 ]
 [568.6667  522.     ]
 [604.6667  428.66666]
 [650.      548.     ]
 [697.3333  522.6667 ]
 [709.3333  502.66666]
 [736.6667  492.66666]
 [750.6667  469.33334]
 [722.6667  522.     ]
 [710.6667  554.6667 ]
 [680.6667  559.3333 ]
 [604.      610.     ]
 [632.6667  584.     ]
 [629.3333  560.6667 ]
 [598.      570.6667 ]
 [594.6667  584.6667 ]
 [579.3333  596.6667 ]
 [576.6667  569.3333 ]
 [551.3333  577.3333 ]
 [546.6667  587.3333 ]
 [537.3333  570.     ]
 [566.6667  592.     ]
 [572.      615.3333 ]
 [552.6667  603.3333 ]
 [512.6667  583.     ]
 [500.66666 612.3333 ]
 [496.66666 631.     ]
 [520.6667  657.6667 ]
 [488.      657.     ]
 [537.3333  627.     ]
 [526.      613.6667 ]
 [554.      634.3333 ]
 [589.3333  630.3333 ]
 [626.      369.66666]
 [578.      475.66666]
 [595.3333  446.33334]
 [486.66666 679.6667 ]
 [712.5     437.5    ]]"
v1004,v1004,v,"[[671.6667  387.     ]
 [640.3333  391.     ]
 [694.3333  396.33334]
 [677.6667  406.33334]
 [655.6667  402.33334]
 [635.      409.     ]
 [618.3333  401.     ]
 [629.      447.     ]
 [696.3333  475.66666]
 [713.      491.     ]
 [725.6667  474.33334]
 [730.3333  459.     ]
 [753.6667  497.     ]
 [709.6667  457.     ]
 [663.6667  437.     ]
 [667.6667  417.     ]
 [686.3333  425.     ]
 [699.6667  447.     ]
 [704.3333  431.66666]
 [730.3333  505.     ]
 [742.3333  483.66666]
 [687.      488.33334]
 [677.      462.     ]
 [677.6667  445.33334]
 [726.3333  445.33334]
 [644.3333  443.33334]]"
e4046,e4046,e,"[[786.      436.     ]
 [775.3333  418.     ]
 [754.      411.33334]
 [763.3333  436.66666]
 [777.3333  459.33334]
 [798.      452.66666]
 [820.6667  451.33334]
 [824.6667  426.66666]
 [844.6667  428.66666]
 [843.3333  451.33334]
 [827.3333  506.     ]
 [819.3333  529.3333 ]
 [825.3333  559.3333 ]
 [843.3333  544.6667 ]
 [854.      574.     ]
 [750.6667  454.     ]
 [737.3333  431.33334]
 [722.      418.66666]
 [724.6667  396.66666]
 [746.      396.66666]
 [688.6667  388.     ]
 [707.3333  401.33334]
 [702.6667  427.33334]
 [720.6667  450.     ]
 [703.3333  458.     ]
 [677.3333  432.     ]
 [676.6667  406.     ]
 [660.      398.66666]
 [645.3333  418.     ]
 [619.3333  414.66666]
 [610.6667  442.     ]
 [630.6667  435.33334]
 [650.6667  447.33334]
 [656.      476.     ]
 [664.6667  459.33334]
 [670.      490.66666]
 [643.3333  528.     ]
 [655.3333  558.     ]
 [666.6667  580.     ]
 [648.      499.33334]
 [629.3333  492.66666]]"
e4037,e4037,e,"[[1034.   269. ]
 [1032.   316. ]
 [1064.   309. ]
 [1073.   291. ]
 [1050.   333. ]
 [ 972.   327. ]
 [ 977.   350. ]
 [ 992.   344. ]
 [ 958.   358. ]
 [ 946.   340. ]
 [ 928.   346. ]
 [ 913.   358. ]
 [ 908.   374. ]
 [ 931.   370. ]
 [ 930.   396. ]
 [ 932.   410. ]
 [ 949.   424. ]
 [ 963.   389. ]
 [ 980.   403. ]
 [ 994.   413. ]
 [1022.   402. ]
 [ 975.   438. ]
 [ 975.   458. ]
 [ 950.   456. ]
 [ 928.   443. ]
 [ 912.   436. ]
 [1008.   447. ]
 [ 899.   368.5]
 [ 903.5  323. ]
 [ 895.5  387. ]]"
e268,e268,e,"[[691.5 546. ]
 [675.  551.5]
 [644.5 549.5]
 [656.5 545.5]
 [615.5 569. ]
 [612.  545.5]
 [596.  538.5]
 [629.  520.5]
 [607.5 514. ]
 [596.5 496.5]
 [574.5 508.5]
 [562.5 492. ]
 [536.5 504.5]
 [573.5 535. ]
 [564.5 549.5]
 [579.5 552.5]
 [575.5 575. ]
 [558.5 564.5]
 [516.5 567.5]
 [525.  610.5]
 [492.5 575.5]
 [524.5 659.5]
 [487.5 708. ]
 [532.  704. ]
 [565.  636.5]
 [572.5 624.5]
 [559.  616. ]
 [550.5 628.5]
 [584.5 606.5]
 [590.  642. ]
 [571.5 653. ]
 [573.5 675.5]
 [554.  669.5]
 [613.  624.5]
 [632.  622. ]
 [644.  634. ]
 [657.5 618.5]
 [655.5 585. ]
 [630.5 585. ]
 [643.5 601. ]
 [603.  603.5]
 [674.5 597.5]
 [672.  573.5]
 [599.  667. ]
 [683.5 620. ]
 [671.  535. ]
 [693.  562.5]
 [716.5 610.5]
 [610.  528. ]
 [508.  521. ]
 [518.  535. ]
 [554.  542.5]
 [535.  554. ]
 [531.5 578. ]
 [544.  592. ]
 [625.  655. ]]"
e4019a,e4019a,e,"[[504.      697.     ]
 [485.      694.     ]
 [472.      677.     ]
 [489.      651.     ]
 [490.      662.     ]
 [459.      627.     ]
 [471.      706.     ]
 [488.      735.     ]
 [510.      747.     ]
 [519.      769.     ]
 [521.      794.     ]
 [503.      793.     ]
 [498.      774.     ]
 [476.      757.     ]
 [459.      771.     ]
 [472.      787.     ]
 [483.      801.     ]
 [495.      829.     ]
 [487.      849.     ]
 [507.      873.     ]
 [511.      858.     ]
 [537.      870.     ]
 [443.      820.     ]
 [445.      857.     ]
 [390.      749.     ]
 [417.      731.     ]
 [444.      718.     ]
 [434.      693.     ]
 [429.      750.     ]
 [399.      665.     ]
 [401.      637.     ]
 [389.      639.     ]
 [373.      647.     ]
 [338.      666.     ]
 [357.      654.     ]
 [375.      682.     ]
 [451.      661.     ]
 [317.      630.     ]
 [299.      642.     ]
 [453.3333  880.6667 ]
 [429.3333  880.6667 ]
 [413.33334 893.3334 ]
 [404.66666 908.6666 ]
 [388.      922.     ]]"
e215,e215,e,"[[695.      261.     ]
 [692.5     288.     ]
 [676.      310.5    ]
 [698.      315.     ]
 [706.5     334.5    ]
 [742.      316.     ]
 [761.      322.5    ]
 [768.      300.     ]
 [765.      277.     ]
 [749.5     263.     ]
 [734.5     302.5    ]
 [711.      260.     ]
 [791.      279.     ]
 [688.      404.5    ]
 [692.5     389.5    ]
 [677.5     386.     ]
 [644.      356.     ]
 [676.5     416.5    ]
 [668.5     431.5    ]
 [652.5     434.5    ]
 [680.      438.5    ]
 [701.      437.     ]
 [707.5     415.5    ]
 [670.5     470.5    ]
 [700.5     492.5    ]
 [694.      516.     ]
 [718.      555.     ]
 [702.5     549.5    ]
 [764.5     585.     ]
 [747.5     601.     ]
 [768.5     616.5    ]
 [779.5     598.5    ]
 [789.5     616.     ]
 [807.      605.     ]
 [822.5     624.5    ]
 [841.      632.     ]
 [699.5     360.     ]
 [790.5     318.5    ]
 [728.5     250.5    ]
 [798.5     579.5    ]
 [644.      394.16666]
 [655.5     408.     ]
 [644.      414.66666]]"
d595,d595,d,"[[886. 338.]
 [915. 359.]
 [886. 373.]
 [862. 370.]
 [856. 350.]
 [855. 386.]
 [870. 399.]
 [862. 414.]
 [910. 437.]
 [930. 421.]
 [922. 394.]
 [939. 442.]
 [902. 414.]
 [883. 491.]
 [833. 486.]
 [827. 456.]
 [811. 482.]
 [802. 459.]
 [766. 472.]
 [812. 387.]
 [784. 393.]
 [752. 409.]
 [730. 392.]
 [728. 364.]
 [710. 363.]
 [689. 369.]
 [708. 394.]
 [732. 418.]
 [681. 350.]
 [648. 406.]
 [626. 396.]
 [622. 425.]
 [616. 451.]
 [625. 473.]
 [636. 490.]
 [582. 516.]
 [586. 480.]
 [578. 467.]
 [564. 467.]
 [540. 466.]
 [568. 449.]
 [566. 421.]
 [569. 400.]
 [692. 547.]
 [674. 559.]
 [712. 561.]
 [730. 542.]
 [718. 522.]
 [722. 504.]
 [744. 522.]
 [760. 520.]
 [744. 471.]]"
e296a,e296a,e,"[[724.  560. ]
 [715.  548.5]
 [726.5 535.5]
 [724.  508.5]
 [709.5 497.5]
 [728.5 473. ]
 [742.5 493.5]
 [804.  523. ]
 [782.  539.5]
 [818.5 545.5]
 [826.5 558. ]
 [837.5 561. ]
 [856.  584.5]
 [876.  588. ]
 [845.  600. ]
 [848.  632. ]
 [830.  588. ]
 [814.5 588.5]
 [800.  583.5]
 [776.  556.5]
 [764.5 545. ]
 [779.  578. ]
 [779.  596.5]
 [797.  568. ]
 [788.5 622. ]
 [784.  611. ]
 [811.5 624. ]
 [792.  673.5]
 [782.  659.5]
 [754.5 653. ]
 [766.  643. ]
 [764.5 623. ]
 [729.  594.5]
 [694.5 612.5]
 [694.5 594. ]
 [693.5 571.5]
 [695.5 548. ]
 [699.  646. ]
 [715.5 654.5]
 [712.  674. ]
 [733.5 673. ]
 [742.  684. ]
 [746.5 702. ]
 [726.5 698. ]
 [767.5 687. ]
 [761.5 672.5]
 [713.5 630. ]
 [748.  604.5]
 [735.  621.5]
 [805.5 658.5]]"
e80,e80,e,"[[758.5     344.     ]
 [765.      359.     ]
 [765.      382.5    ]
 [736.5     406.     ]
 [736.5     424.     ]
 [727.5     495.     ]
 [712.5     490.5    ]
 [686.      474.5    ]
 [699.      455.     ]
 [654.5     493.     ]
 [688.5     533.5    ]
 [705.5     520.5    ]
 [735.5     522.     ]
 [755.5     531.5    ]
 [768.      487.5    ]
 [747.      480.     ]
 [780.5     438.5    ]
 [821.5     462.5    ]
 [808.5     423.     ]
 [787.5     518.     ]
 [778.      537.     ]
 [777.5     575.     ]
 [667.      556.     ]
 [689.5     568.5    ]
 [717.5     594.     ]
 [732.5     575.     ]
 [736.      598.5    ]
 [754.      589.     ]
 [726.5     621.5    ]
 [707.5     631.     ]
 [679.      632.5    ]
 [644.      638.     ]
 [630.5     626.     ]
 [575.5     630.5    ]
 [601.5     594.5    ]
 [659.      619.     ]
 [716.      425.     ]
 [691.3333  427.     ]
 [794.6667  549.6667 ]
 [718.      457.66666]
 [729.3333  473.66666]
 [763.25    454.75   ]
 [668.25    472.     ]
 [630.5     519.5    ]
 [658.      531.5    ]
 [648.      522.5    ]
 [673.      498.5    ]
 [634.      553.     ]
 [612.5     639.     ]
 [620.5     595.5    ]
 [662.5     580.     ]
 [644.      575.     ]
 [720.5     554.5    ]
 [702.      547.5    ]
 [729.5     538.     ]
 [743.5     553.     ]
 [812.5     447.5    ]
 [699.5     476.5    ]
 [716.5     473.     ]
 [757.5     406.5    ]
 [781.5     341.     ]
 [768.      511.5    ]
 [766.      557.5    ]
 [787.6667  463.     ]
 [736.3333  371.66666]
 [685.3333  510.66666]
 [635.3333  501.     ]
 [676.3333  452.66666]
 [701.3333  406.66666]
 [613.      538.6667 ]]"
d2112,d2112,d,"[[469. 432.]
 [478. 452.]
 [491. 428.]
 [504. 461.]
 [529. 468.]
 [530. 419.]
 [548. 428.]
 [568. 445.]
 [569. 491.]
 [588. 455.]
 [609. 437.]
 [591. 488.]
 [599. 513.]
 [619. 519.]
 [619. 498.]
 [633. 470.]
 [638. 447.]
 [657. 462.]
 [653. 549.]
 [670. 495.]
 [681. 480.]
 [695. 462.]
 [661. 516.]
 [650. 494.]
 [709. 480.]
 [718. 503.]
 [733. 476.]
 [732. 493.]
 [748. 512.]
 [687. 552.]
 [674. 575.]
 [705. 583.]
 [705. 609.]
 [721. 630.]
 [729. 596.]
 [737. 572.]
 [744. 546.]
 [721. 554.]
 [749. 591.]
 [733. 530.]
 [770. 520.]
 [786. 513.]
 [795. 529.]
 [805. 536.]
 [807. 549.]
 [788. 559.]
 [771. 541.]
 [768. 569.]
 [808. 573.]
 [798. 587.]
 [799. 610.]
 [773. 627.]
 [778. 607.]
 [804. 632.]
 [796. 647.]
 [822. 647.]
 [681. 451.]]"
e2040a,e2040a,e,"[[372.66666 492.66666]
 [397.33334 507.33334]
 [366.66666 532.     ]
 [339.33334 521.3333 ]
 [331.33334 543.3333 ]
 [337.33334 564.6667 ]
 [363.33334 562.     ]
 [376.66666 574.     ]
 [344.66666 593.3333 ]
 [342.      616.6667 ]
 [332.      608.6667 ]
 [307.33334 627.3333 ]
 [316.66666 580.     ]
 [313.33334 562.6667 ]
 [290.      578.     ]
 [286.      556.     ]
 [302.66666 530.6667 ]
 [315.33334 510.66666]
 [303.33334 542.     ]
 [300.      510.66666]
 [320.      432.66666]
 [312.66666 462.66666]
 [282.66666 440.66666]
 [299.33334 487.33334]
 [298.      670.6667 ]
 [369.33334 596.     ]
 [365.33334 585.3333 ]
 [288.66666 696.     ]
 [300.66666 710.     ]
 [316.33334 612.6667 ]
 [333.      660.6667 ]
 [330.5     683.     ]
 [295.      463.     ]
 [287.      649.     ]
 [280.5     667.     ]]"
d433,d433,d,"[[738.6667  449.66666]
 [726.      472.66666]
 [714.6667  452.     ]
 [696.6667  485.66666]
 [699.      509.66666]
 [682.6667  470.     ]
 [683.      528.     ]
 [672.6667  514.3333 ]
 [669.6667  492.     ]
 [659.3333  527.3333 ]
 [716.6667  511.66666]
 [744.      564.6667 ]
 [712.6667  572.     ]
 [744.6667  490.66666]
 [748.6667  473.     ]
 [773.3333  482.33334]
 [779.6667  466.33334]
 [777.3333  516.3333 ]
 [760.6667  500.33334]
 [696.      453.33334]]"
d450,d450,d,"[[516.5 540.5]
 [539.5 553. ]
 [557.5 569.5]
 [542.5 593.5]
 [523.  578. ]
 [511.5 608.5]
 [495.  625.5]
 [518.5 637.5]
 [537.5 641.5]
 [544.  623.5]
 [472.5 607. ]
 [499.  562.5]
 [559.  513.5]
 [569.5 512.5]
 [572.5 531.5]
 [572.5 547. ]
 [586.  545. ]
 [592.  510.5]
 [596.  489. ]
 [624.5 501.5]
 [587.5 573. ]
 [537.5 504. ]]"
d1007,d1007,d,"[[2410.  110.]
 [2428.  164.]
 [2454.  238.]
 [2478.  228.]
 [2432.  284.]
 [2458.  286.]
 [2430.  334.]
 [2402.  302.]
 [2382.  346.]
 [2340.  344.]
 [2360.  314.]]"
e1,e1,e,"[[735.6667  430.     ]
 [718.6667  440.66666]
 [693.      413.     ]
 [655.      401.33334]
 [641.6667  411.66666]
 [690.      448.66666]
 [643.      457.33334]
 [680.6667  481.33334]
 [642.      479.66666]
 [623.      488.     ]
 [629.6667  439.33334]
 [613.3333  365.     ]
 [584.6667  361.33334]
 [588.6667  379.     ]
 [608.6667  383.     ]
 [603.      400.33334]
 [567.      399.     ]
 [582.6667  417.66666]
 [582.      394.33334]
 [597.3333  422.33334]
 [607.6667  420.33334]
 [589.      439.     ]
 [562.      447.     ]
 [561.6667  427.     ]
 [559.6667  469.     ]
 [542.3333  459.     ]
 [518.      473.     ]
 [504.66666 441.33334]
 [598.      531.3333 ]
 [632.6667  390.33334]
 [625.      405.     ]
 [614.      461.33334]
 [706.3333  411.     ]
 [632.      424.     ]
 [666.      427.33334]
 [609.      439.5    ]
 [593.5     456.5    ]
 [658.75    445.5    ]
 [675.      451.25   ]
 [676.25    397.875  ]
 [629.      371.75   ]]"
e2160,e2160,e,"[[819.  263. ]
 [816.5 289. ]
 [831.5 318.5]
 [883.  313. ]
 [885.5 354.5]
 [832.  381.5]
 [803.  384. ]
 [793.5 363.5]
 [781.5 387.5]
 [828.  406.5]
 [835.5 429. ]
 [865.5 413.5]
 [883.5 411.5]
 [863.5 396. ]
 [860.5 436. ]
 [825.5 457. ]
 [816.  472. ]
 [810.  446. ]
 [792.  429. ]
 [815.5 416. ]
 [797.  411.5]
 [787.5 403.5]
 [762.  370. ]
 [756.5 379. ]
 [763.5 390.5]
 [752.5 352.5]
 [723.  365.5]
 [687.5 360. ]
 [687.5 376. ]
 [661.  371.5]
 [678.5 399. ]
 [708.5 407. ]
 [728.  406.5]
 [732.5 422.5]
 [747.5 462.5]
 [776.5 490. ]
 [797.5 504. ]
 [814.  529. ]
 [797.  549.5]
 [794.  583. ]
 [805.5 597.5]
 [822.  572. ]
 [757.5 558.5]
 [765.5 547.5]
 [750.5 526. ]
 [736.5 520. ]
 [723.  525.5]
 [719.  541. ]
 [737.5 553. ]
 [744.5 572.5]
 [726.  573.5]
 [728.5 486. ]
 [700.5 486.5]
 [694.5 471. ]
 [693.5 387. ]
 [810.  480.5]
 [783.5 460.5]
 [843.  446.5]
 [858.5 369. ]
 [875.  367.5]
 [694.5 444.5]
 [678.5 428. ]
 [679.5 446.5]
 [715.  444. ]
 [683.  491.5]
 [661.5 427.5]
 [772.5 605.5]
 [699.5 504. ]
 [912.  381. ]]"
e289,e289,e,"[[605.5 551. ]
 [589.  553. ]
 [567.  537.5]
 [552.  550. ]
 [543.  538.5]
 [527.  555.5]
 [512.  538. ]
 [501.  546.5]
 [521.5 517. ]
 [518.5 567. ]
 [484.  559. ]
 [446.  539. ]
 [428.  532.5]
 [431.5 518. ]
 [468.5 512.5]
 [424.  563. ]
 [410.  552.5]
 [441.  584.5]
 [497.5 625. ]
 [489.  609.5]
 [477.5 639. ]
 [462.  627.5]
 [532.5 623. ]
 [516.  605.5]
 [502.  588.5]
 [536.5 586. ]
 [541.5 608.5]
 [572.5 617. ]
 [550.5 563.5]
 [597.5 519. ]
 [638.5 566. ]
 [610.5 621.5]
 [663.5 558.5]
 [625.  540. ]
 [463.5 612.5]
 [569.  581.5]
 [479.5 540. ]]"
e40,e40,e,"[[553.5 562. ]
 [541.  584.5]
 [579.5 544.5]
 [558.5 534. ]
 [574.5 486.5]
 [578.5 464. ]
 [549.  461.5]
 [530.5 445. ]
 [562.  435.5]
 [485.5 453.5]
 [502.  483. ]
 [513.  502.5]
 [527.5 494.5]
 [518.5 514. ]
 [542.  508.5]
 [526.  530. ]
 [500.  532.5]
 [496.5 554.5]
 [509.5 564. ]
 [503.5 583.5]
 [486.5 587. ]
 [475.  601.5]
 [481.  620. ]
 [494.5 606.5]
 [515.5 596.5]
 [498.5 624.5]
 [516.  629. ]
 [536.  619. ]
 [527.  643. ]
 [512.  651.5]
 [489.  643.5]
 [472.  636.5]
 [545.5 544. ]
 [522.  550. ]
 [563.  597. ]
 [554.5 618.5]
 [547.5 636.5]
 [575.5 562. ]
 [524.  575. ]
 [565.  501.5]
 [549.  479. ]
 [593.  547. ]]"
v4120,v4120,v,"[[ 977.      296.    ]
 [ 975.      267.    ]
 [ 948.      264.    ]
 [ 949.      290.    ]
 [ 954.      331.    ]
 [ 959.      358.    ]
 [ 942.      350.    ]
 [ 975.      374.    ]
 [ 985.      354.    ]
 [1018.      360.    ]
 [1018.      336.    ]
 [ 994.      315.    ]
 [1013.      288.    ]
 [1051.      271.    ]
 [1057.      239.    ]
 [1045.      307.    ]
 [1032.      381.    ]
 [1006.      386.    ]
 [1016.      403.    ]
 [1043.      424.    ]
 [1042.      399.    ]
 [ 920.      402.    ]
 [ 896.      409.    ]
 [ 892.      378.    ]
 [ 878.      360.    ]
 [ 881.      338.    ]
 [ 836.      335.    ]
 [ 838.      314.    ]
 [ 841.      294.    ]
 [ 814.      277.    ]
 [ 831.      260.    ]
 [ 826.      238.    ]
 [ 851.      203.    ]
 [ 869.      214.    ]
 [ 853.      230.    ]
 [ 854.      245.    ]
 [ 843.      222.    ]
 [ 796.      278.    ]
 [ 804.      297.    ]
 [ 777.      298.    ]
 [ 751.      319.    ]
 [ 764.      329.    ]
 [ 756.      351.    ]
 [ 742.      335.    ]
 [ 734.      358.    ]
 [ 713.      374.    ]
 [ 708.      416.    ]
 [ 728.      407.    ]
 [ 769.      383.    ]
 [ 774.      415.    ]
 [ 752.      443.    ]
 [ 734.      435.    ]
 [ 743.      450.    ]
 [ 743.      463.    ]
 [ 723.      443.    ]
 [ 775.      434.    ]
 [ 774.      451.    ]
 [ 815.      426.    ]
 [ 801.      440.    ]
 [ 821.      410.    ]
 [ 800.      392.    ]
 [ 812.      383.    ]
 [ 812.      353.    ]
 [ 841.      359.    ]
 [ 839.      388.    ]
 [ 853.      391.    ]
 [ 842.      407.    ]
 [ 861.      411.    ]
 [ 947.      377.3333]
 [ 927.      383.3333]]"
e31,e31,e,"[[899.     641.    ]
 [870.5    612.    ]
 [876.5    591.    ]
 [878.1667 570.8333]
 [878.5    528.    ]
 [864.     499.5   ]
 [866.5    480.5   ]
 [837.     450.5   ]
 [807.5    457.5   ]
 [833.     472.5   ]
 [813.5    493.5   ]
 [809.     481.    ]
 [845.     510.5   ]
 [849.     537.5   ]
 [829.5    546.    ]
 [824.     521.5   ]
 [876.5    546.5   ]
 [861.5    526.5   ]
 [880.     511.5   ]
 [780.     515.    ]
 [795.     538.    ]
 [821.     500.5   ]
 [851.5    470.    ]
 [887.8333 575.6667]
 [898.3333 610.3333]]"
d2109,d2109,d,"[[604. 340.]
 [683. 329.]
 [705. 348.]
 [730. 347.]
 [758. 367.]
 [772. 381.]
 [774. 411.]
 [801. 404.]
 [809. 417.]
 [823. 427.]
 [738. 417.]
 [717. 411.]
 [744. 385.]
 [696. 370.]
 [701. 425.]
 [683. 425.]
 [669. 411.]
 [662. 389.]
 [643. 377.]
 [644. 428.]
 [661. 450.]
 [686. 447.]
 [698. 456.]
 [685. 465.]
 [670. 470.]
 [660. 487.]
 [616. 394.]
 [567. 410.]
 [592. 429.]
 [595. 447.]
 [572. 444.]
 [546. 440.]
 [522. 457.]
 [506. 460.]
 [529. 477.]
 [553. 471.]
 [562. 493.]
 [519. 510.]
 [540. 530.]
 [555. 520.]
 [568. 532.]
 [565. 552.]
 [508. 553.]
 [516. 597.]
 [542. 596.]
 [550. 580.]
 [571. 577.]
 [548. 621.]
 [559. 635.]
 [530. 644.]
 [539. 661.]
 [542. 679.]
 [553. 690.]
 [567. 674.]
 [580. 682.]
 [572. 697.]
 [595. 717.]
 [598. 582.]
 [591. 555.]
 [597. 534.]
 [626. 535.]
 [614. 571.]
 [636. 570.]
 [683. 579.]
 [650. 529.]
 [617. 518.]
 [610. 497.]
 [631. 505.]
 [651. 503.]
 [675. 509.]
 [668. 525.]
 [766. 622.]
 [726. 671.]
 [729. 706.]
 [777. 647.]
 [798. 635.]
 [644. 547.]
 [581. 495.]
 [679. 362.]
 [678. 386.]]"
e2130,e2130,e,"[[719.      487.     ]
 [701.6667  473.     ]
 [686.3333  491.     ]
 [670.3333  479.     ]
 [652.3333  471.66666]
 [647.6667  455.     ]
 [643.6667  443.66666]
 [642.3333  414.33334]
 [606.3333  433.     ]
 [588.3333  435.66666]
 [631.6667  423.     ]
 [598.3333  477.66666]
 [614.3333  497.     ]
 [642.3333  503.66666]
 [628.3333  520.3333 ]
 [647.6667  524.3333 ]
 [663.6667  505.     ]
 [690.3333  512.3333 ]
 [694.3333  539.6667 ]
 [679.6667  583.     ]
 [665.      570.3333 ]
 [681.      605.     ]
 [703.      621.6667 ]
 [701.      593.6667 ]
 [706.      575.25   ]
 [730.3333  591.     ]
 [731.6667  616.3333 ]
 [762.25    641.5    ]
 [742.3333  527.6667 ]
 [757.      548.3333 ]
 [743.6667  567.     ]
 [643.      550.3333 ]
 [604.      466.5    ]
 [660.      442.5    ]
 [668.      429.     ]
 [727.      574.5    ]
 [723.      563.     ]
 [693.      432.5    ]]"
d412,d412,d,"[[488.  196.5]
 [466.  204. ]
 [456.5 230. ]
 [437.  213. ]
 [433.5 233. ]
 [450.5 207.5]
 [415.5 222.5]
 [391.  228. ]
 [404.  250.5]
 [379.5 258.5]
 [372.  240. ]
 [353.  252. ]
 [358.5 271. ]
 [342.  288. ]
 [326.  274.5]
 [324.5 302.5]
 [312.5 332.5]
 [316.5 357. ]
 [354.  310. ]
 [365.  301.5]
 [378.5 317. ]
 [385.  345.5]
 [361.  348. ]
 [399.5 333.5]
 [418.  340. ]
 [409.5 302.5]
 [430.5 312.5]
 [437.  288. ]
 [428.5 268. ]
 [465.  289. ]
 [461.5 276.5]
 [479.  275.5]
 [493.5 290. ]
 [463.5 308. ]
 [492.5 311.5]
 [464.  328.5]
 [466.  345.5]
 [447.5 338.5]
 [438.  357.5]
 [411.  363.5]
 [422.5 379. ]
 [422.5 399.5]
 [440.5 398. ]
 [451.5 413. ]
 [439.  414. ]
 [455.  430.5]
 [471.  413. ]
 [470.  394. ]
 [482.5 376. ]
 [486.  357. ]
 [504.  369. ]
 [509.  352. ]
 [528.5 355.5]
 [491.5 344.5]
 [522.  324. ]
 [522.  304. ]
 [542.5 312.5]
 [539.5 286. ]
 [550.5 293.5]
 [561.5 282. ]
 [576.5 287.5]
 [571.5 306.5]
 [602.  308.5]
 [607.  329.5]
 [624.  305. ]
 [629.  327. ]
 [647.  303.5]
 [644.5 278.5]
 [663.5 275.5]
 [640.  255. ]
 [617.5 281.5]
 [598.  270. ]
 [562.  254. ]
 [580.5 242. ]
 [565.  207. ]
 [542.  199. ]
 [529.5 207. ]
 [513.5 195.5]
 [498.5 214. ]
 [476.5 227.5]
 [498.  238. ]
 [496.5 254.5]
 [486.5 252.5]
 [522.  238. ]
 [538.5 250.5]
 [552.5 231. ]
 [544.  340. ]
 [549.  325.5]
 [570.5 339.5]
 [580.  350.5]
 [603.  390. ]
 [613.5 368.5]
 [621.5 351.5]
 [623.  342. ]
 [589.5 325. ]
 [589.  374.5]
 [567.5 385. ]
 [570.5 405.5]
 [547.5 402.5]
 [539.5 379. ]
 [523.5 400. ]
 [496.  393. ]
 [494.  416. ]
 [502.  429.5]
 [477.  431.5]
 [491.5 455.5]
 [467.5 476. ]
 [463.  458.5]
 [447.  458.5]
 [484.5 501.5]
 [503.5 478. ]
 [513.5 469.5]
 [513.5 445. ]
 [531.5 415.5]
 [520.  416.5]
 [542.5 430.5]
 [533.  437. ]
 [463.5 509.5]]"
d463,d463,d,"[[742.5 501.5]
 [762.  488. ]
 [727.  490. ]
 [715.5 507.5]
 [723.  527. ]
 [741.5 533. ]
 [727.  547. ]
 [713.  547. ]
 [695.5 548.5]
 [692.  557.5]
 [692.5 577. ]
 [664.  582.5]
 [674.5 555.5]
 [659.  561. ]
 [677.  541.5]
 [679.5 523. ]
 [698.  524. ]
 [684.5 500.5]
 [668.5 487.5]
 [641.5 493. ]
 [650.5 504.5]
 [662.  513.5]
 [638.  517.5]
 [634.  531.5]
 [655.  541. ]
 [636.5 553.5]
 [638.  575.5]
 [616.5 577. ]
 [614.5 597. ]
 [651.5 602.5]
 [607.5 567.5]
 [607.  546.5]
 [596.  528.5]
 [614.5 516. ]
 [577.5 518. ]
 [604.5 498. ]
 [578.5 538. ]
 [582.5 575. ]
 [561.  573.5]
 [547.5 551.5]
 [543.  514.5]]"
v520,v520,v,"[[538.5  566.5 ]
 [530.   582.5 ]
 [511.   580.5 ]
 [484.5  566.5 ]
 [485.5  577.  ]
 [481.   587.5 ]
 [484.   615.  ]
 [505.   603.  ]
 [513.5  622.5 ]
 [530.5  607.  ]
 [545.   599.5 ]
 [558.   588.  ]
 [534.   632.  ]
 [523.5  647.5 ]
 [563.5  647.  ]
 [576.   665.5 ]
 [522.5  556.5 ]
 [460.75 557.5 ]
 [546.5  662.  ]
 [547.   616.5 ]]"
e76,e76,e,"[[1037.3334   466.     ]
 [1023.       483.66666]
 [1017.6667   461.66666]
 [ 998.3333   453.33334]
 [ 993.       504.     ]
 [ 984.6667   519.3333 ]
 [ 962.6667   532.6667 ]
 [ 998.       545.6667 ]
 [1015.       528.6667 ]
 [1030.3334   511.66666]
 [1030.       548.6667 ]
 [1051.       542.3333 ]
 [ 998.       582.3333 ]
 [1014.6667   590.     ]
 [1035.3334   588.     ]
 [1018.6667   568.6667 ]
 [ 959.3333   563.3333 ]
 [1050.6666   488.     ]
 [1060.       519.3333 ]
 [ 960.3333   459.33334]
 [ 986.       562.3333 ]
 [ 976.6667   489.33334]
 [ 954.       479.     ]
 [1012.3333   558.6667 ]
 [1050.6666   507.33334]
 [1057.       462.     ]
 [ 935.5      486.5    ]]"
d1891,d1891,d,"[[657.3333 607.6667]
 [684.6667 599.6667]
 [710.     621.    ]
 [716.     629.    ]
 [727.3333 610.3333]
 [734.     595.    ]
 [730.     577.6667]
 [764.     635.    ]
 [771.3333 618.3333]
 [788.6667 639.6667]
 [790.6667 625.    ]
 [807.3333 601.6667]
 [711.3333 607.    ]
 [699.3333 596.3333]
 [754.     591.    ]
 [744.     553.6667]
 [786.6667 575.    ]]"
d2087,d2087,d,"[[571.6667  481.     ]
 [619.      487.66666]
 [637.6667  477.66666]
 [635.6667  500.33334]
 [661.      477.     ]
 [662.3333  497.     ]
 [695.      505.     ]
 [693.6667  486.33334]
 [734.3333  519.     ]
 [734.3333  499.     ]
 [723.      479.66666]
 [773.      479.     ]
 [781.6667  503.     ]
 [789.6667  527.6667 ]
 [805.6667  519.     ]
 [805.      496.33334]
 [821.6667  505.66666]
 [825.      526.3333 ]
 [844.3334  531.6667 ]
 [831.      544.3333 ]
 [811.      547.     ]]"
v1029,v1029,v,"[[271.5 597. ]
 [289.  608. ]
 [275.  619. ]
 [212.5 599. ]
 [315.  635.5]
 [327.  644. ]
 [336.5 633. ]
 [327.5 658. ]
 [342.5 659.5]
 [356.  665.5]
 [373.5 667.5]
 [349.5 680.5]
 [330.  699.5]
 [320.  712.5]
 [301.  725. ]
 [297.  699. ]
 [307.5 683.5]
 [312.  662. ]
 [303.5 672. ]
 [321.5 671.5]
 [335.5 683. ]
 [345.  700. ]
 [275.  751. ]
 [263.  742. ]
 [240.  717. ]
 [282.  692.5]
 [294.5 687. ]
 [285.5 673.5]
 [265.5 671. ]
 [269.  662. ]
 [283.5 645.5]
 [249.5 623. ]
 [264.5 631.5]
 [239.  655.5]
 [227.5 664.5]
 [218.  673. ]
 [198.  662.5]
 [174.5 685. ]
 [171.  633.5]
 [188.5 689. ]
 [212.  664.5]
 [242.  691. ]
 [254.  661. ]
 [283.5 661.5]
 [299.5 621. ]
 [371.  683.5]
 [324.  620.5]
 [314.5 592.5]
 [301.  593. ]
 [268.  652. ]
 [215.  613.5]
 [219.  638.5]
 [182.  645.5]]"
e183,e183,e,"[[485.      461.66666]
 [473.      438.33334]
 [517.      489.     ]
 [546.3333  485.     ]
 [543.      508.33334]
 [557.6667  504.33334]
 [563.6667  521.6667 ]
 [568.3333  476.33334]
 [579.      499.     ]
 [497.      526.3333 ]
 [495.66666 505.66666]
 [509.66666 509.     ]
 [525.      532.3333 ]
 [529.6667  554.3333 ]
 [511.66666 556.3333 ]
 [497.66666 548.3333 ]
 [464.33334 531.     ]
 [471.66666 550.3333 ]
 [485.66666 569.6667 ]
 [451.66666 555.6667 ]
 [442.33334 541.6667 ]
 [461.66666 597.6667 ]
 [475.      614.3333 ]
 [477.      639.6667 ]
 [479.66666 587.6667 ]
 [494.33334 641.6667 ]
 [506.33334 657.     ]
 [491.      675.6667 ]
 [507.66666 683.6667 ]
 [521.      693.6667 ]
 [524.3333  713.6667 ]
 [536.3333  673.6667 ]
 [542.3333  664.3333 ]
 [548.3333  645.     ]
 [561.6667  660.3333 ]
 [562.3333  675.     ]
 [531.6667  650.3333 ]
 [517.      637.     ]
 [572.3333  628.3333 ]
 [556.3333  617.6667 ]
 [521.6667  595.     ]
 [536.3333  571.6667 ]
 [558.3333  566.3333 ]
 [553.6667  542.3333 ]
 [580.3333  557.6667 ]
 [571.      585.6667 ]
 [571.      602.3333 ]
 [593.6667  584.3333 ]
 [611.6667  595.     ]
 [633.      583.6667 ]
 [652.3333  590.3333 ]
 [673.      602.3333 ]
 [609.      621.     ]
 [595.6667  637.6667 ]
 [601.      662.3333 ]
 [609.6667  643.     ]
 [624.3333  661.     ]
 [643.      544.3333 ]
 [615.      486.33334]
 [623.      471.66666]
 [613.      463.66666]
 [601.      453.66666]
 [604.3333  508.33334]
 [611.      520.3333 ]
 [651.      461.66666]
 [657.      481.     ]
 [651.      503.66666]
 [677.      488.33334]
 [667.      657.6667 ]
 [466.33334 483.66666]
 [467.25    575.25   ]]"
e4067,e4067,e,"[[911. 276.]
 [923. 301.]
 [907. 302.]
 [901. 322.]
 [887. 302.]
 [903. 362.]
 [883. 344.]
 [862. 368.]
 [856. 386.]
 [843. 349.]
 [817. 342.]
 [803. 308.]
 [779. 348.]
 [761. 335.]
 [710. 290.]
 [701. 338.]
 [717. 356.]
 [716. 392.]
 [757. 388.]
 [773. 390.]
 [789. 395.]
 [819. 392.]
 [814. 370.]
 [795. 413.]
 [783. 414.]
 [763. 418.]
 [750. 436.]
 [721. 424.]
 [736. 470.]
 [681. 456.]
 [717. 513.]
 [704. 492.]
 [710. 547.]
 [718. 590.]
 [717. 567.]
 [741. 572.]
 [758. 576.]
 [759. 560.]
 [778. 568.]
 [783. 548.]
 [765. 527.]
 [769. 511.]
 [765. 493.]
 [751. 507.]
 [795. 584.]
 [793. 609.]
 [758. 594.]
 [803. 566.]
 [825. 555.]
 [833. 619.]
 [811. 604.]
 [807. 623.]
 [828. 646.]
 [859. 576.]
 [849. 555.]
 [843. 534.]
 [825. 516.]
 [870. 551.]
 [880. 583.]
 [874. 430.]
 [851. 444.]
 [798. 489.]]"
v6021,v6021,v,"[[ 430.66666 2681.6667 ]
 [ 474.66666 2696.3333 ]
 [ 468.      2760.3333 ]
 [ 504.      2767.     ]
 [ 464.      2803.     ]
 [ 482.66666 2837.6667 ]
 [ 433.33334 2847.     ]
 [ 466.66666 2887.     ]
 [ 400.      2868.3333 ]
 [ 401.33334 2904.3333 ]
 [ 436.      2877.6667 ]
 [ 429.33334 2799.     ]
 [ 369.33334 2721.6667 ]
 [ 354.66666 2677.6667 ]]"
v25,v25,v,"[[564.      461.33334]
 [548.6667  469.33334]
 [542.      441.33334]
 [517.3333  426.66666]
 [520.      444.66666]
 [547.3333  426.     ]
 [602.      468.     ]
 [596.6667  449.33334]
 [614.6667  457.33334]
 [660.      444.     ]
 [678.      449.33334]
 [681.3333  466.     ]
 [475.66666 399.     ]
 [497.      403.     ]
 [516.3333  407.66666]
 [549.6667  407.66666]
 [562.3333  433.66666]
 [576.3333  449.     ]
 [567.6667  395.     ]
 [581.6667  410.33334]
 [714.3333  475.     ]
 [705.      465.     ]
 [748.3333  490.33334]
 [614.3333  433.66666]
 [600.3333  410.33334]
 [695.6667  499.66666]
 [764.      502.5    ]
 [660.5     463.5    ]
 [551.      459.5    ]]"
d1003c,d1003c,d,"[[ 630. 1692.]
 [ 602. 1700.]
 [ 580. 1662.]
 [ 554. 1692.]
 [ 526. 1714.]
 [ 548. 1760.]
 [ 580. 1726.]
 [ 608. 1760.]
 [ 580. 1778.]
 [ 564. 1798.]
 [ 552. 1818.]
 [ 558. 1846.]
 [ 602. 1812.]
 [ 622. 1826.]
 [ 652. 1844.]
 [ 652. 1902.]
 [ 622. 1868.]
 [ 594. 1850.]
 [ 598. 1890.]
 [ 620. 1916.]
 [ 578. 1918.]
 [ 552. 1920.]
 [ 536. 1884.]
 [ 522. 1794.]
 [ 542. 1954.]]"
v1046,v1046,v,"[[794.      442.     ]
 [810.5     431.     ]
 [832.5     421.5    ]
 [866.5     446.     ]
 [879.      474.5    ]
 [863.5     488.     ]
 [846.5     477.5    ]
 [787.      454.     ]
 [810.      465.     ]
 [798.      473.     ]
 [811.      490.     ]
 [774.      472.5    ]
 [766.      488.5    ]
 [743.      487.5    ]
 [725.      504.     ]
 [732.      524.     ]
 [739.5     545.     ]
 [756.      526.     ]
 [776.      522.5    ]
 [766.5     538.5    ]
 [777.      551.     ]
 [829.5     506.     ]
 [805.5     550.     ]
 [788.      564.     ]
 [845.      535.5    ]
 [838.5     560.     ]
 [842.      581.     ]
 [842.      597.5    ]
 [820.      596.5    ]
 [800.5     587.5    ]
 [780.5     581.5    ]
 [783.      603.5    ]
 [761.5     584.     ]
 [766.      565.5    ]
 [750.      602.5    ]
 [811.      623.5    ]
 [831.      632.5    ]
 [839.5     642.     ]
 [811.      643.     ]
 [791.5     630.     ]
 [777.5     658.     ]
 [789.      646.     ]
 [770.      644.     ]
 [759.5     633.5    ]
 [817.5     692.     ]
 [836.      698.     ]
 [850.5     679.     ]
 [823.6667  545.3333 ]
 [811.      514.     ]
 [779.      505.33334]
 [835.6667  618.     ]
 [818.6667  573.3333 ]
 [751.3333  505.     ]
 [772.6667  619.6667 ]]"
e273,e273,e,"[[829.5 410.5]
 [810.5 393.5]
 [826.  375. ]
 [782.  386. ]
 [790.5 413. ]
 [812.5 422.5]
 [776.5 441. ]
 [762.5 452.5]
 [760.  428.5]
 [747.5 442. ]
 [743.5 460. ]
 [745.5 488.5]
 [758.5 498.5]
 [786.  469. ]
 [726.5 522. ]
 [701.  517. ]
 [697.5 544.5]
 [701.  485.5]
 [723.  479. ]
 [725.  465.5]
 [724.  447. ]
 [716.  425. ]
 [736.5 417.5]
 [746.  403. ]
 [747.  420. ]
 [737.5 382.5]
 [723.5 384.5]
 [735.5 360. ]
 [754.  371.5]
 [773.5 361. ]
 [725.  349.5]
 [713.5 335.5]
 [702.5 350.5]
 [712.5 369. ]
 [699.5 329. ]
 [681.5 320. ]
 [673.5 331.5]
 [667.  311.5]
 [651.  330. ]
 [659.  354.5]
 [685.5 350. ]
 [677.5 370.5]
 [645.5 373. ]
 [658.  387.5]
 [676.5 396.5]
 [691.5 393.5]
 [713.5 392.5]
 [687.  416. ]
 [661.  420. ]
 [638.  409. ]
 [631.5 347. ]
 [614.5 359.5]
 [596.  351.5]
 [598.5 325. ]
 [592.5 336.5]
 [613.5 340.5]
 [777.  457. ]
 [685.5 443.5]
 [672.5 450.5]
 [684.  473. ]
 [707.5 461. ]]"
d115,d115,d,"[[411.      338.     ]
 [414.33334 352.66666]
 [435.      340.66666]
 [453.      342.66666]
 [441.      368.66666]
 [365.66666 330.66666]
 [370.33334 349.33334]
 [344.33334 331.33334]
 [339.      352.     ]
 [326.33334 342.     ]
 [312.33334 362.66666]
 [305.66666 382.66666]
 [328.33334 378.     ]
 [288.33334 364.66666]
 [321.66666 405.33334]
 [330.33334 394.66666]
 [342.33334 406.66666]
 [355.      410.66666]
 [357.      394.     ]
 [363.66666 375.33334]
 [373.66666 410.     ]
 [402.33334 378.     ]
 [395.66666 398.     ]
 [412.33334 394.     ]
 [429.66666 384.66666]
 [393.66666 361.33334]
 [379.66666 386.     ]
 [373.      443.33334]
 [351.      448.     ]
 [368.33334 470.     ]
 [393.66666 452.     ]
 [359.66666 486.66666]
 [353.      494.66666]
 [373.      533.3333 ]
 [409.66666 517.3333 ]
 [417.66666 528.     ]
 [422.33334 502.     ]
 [402.33334 500.66666]
 [434.33334 526.     ]
 [434.33334 566.     ]
 [409.      574.6667 ]
 [484.33334 479.33334]
 [464.33334 467.33334]
 [508.33334 464.     ]
 [491.      456.66666]
 [425.      449.33334]
 [446.33334 548.6667 ]
 [462.33334 420.66666]
 [393.66666 428.     ]
 [329.      438.66666]]"
e4051,e4051,e,"[[592.3333 533.    ]
 [614.3333 559.6667]
 [583.     567.    ]
 [569.     529.    ]
 [561.     549.6667]
 [554.3333 536.3333]
 [533.     543.6667]
 [523.     589.    ]
 [538.3333 574.3333]
 [542.3333 595.6667]
 [558.3333 603.    ]
 [562.3333 583.6667]
 [573.     619.    ]
 [556.3333 621.6667]
 [567.     640.3333]
 [577.     651.    ]
 [563.6667 656.3333]
 [547.6667 646.3333]
 [537.     631.6667]
 [582.3333 665.6667]
 [590.3333 682.3333]
 [603.6667 663.    ]
 [616.3333 643.6667]
 [635.     660.3333]
 [634.3333 639.    ]
 [599.6667 618.3333]
 [619.6667 620.3333]
 [616.3333 597.6667]
 [633.     603.6667]
 [605.6667 569.6667]
 [597.6667 593.6667]
 [628.3333 538.3333]
 [630.3333 569.    ]
 [655.6667 555.6667]
 [673.6667 550.3333]
 [678.3333 574.3333]
 [661.     585.    ]
 [665.     604.3333]
 [677.     619.    ]
 [673.     635.    ]
 [685.6667 634.3333]
 [687.6667 649.6667]
 [697.     633.    ]
 [705.     620.3333]
 [707.6667 611.    ]
 [730.3333 629.6667]
 [713.     635.6667]
 [717.     657.    ]
 [739.6667 664.3333]
 [746.3333 647.    ]
 [765.6667 642.3333]
 [776.3333 660.3333]
 [741.6667 599.    ]
 [721.     592.3333]
 [708.3333 569.6667]
 [698.3333 584.3333]
 [642.5    550.    ]
 [759.5    679.    ]
 [643.     577.5   ]]"
d176,d176,d,"[[853.3333  566.     ]
 [874.      562.6667 ]
 [871.3333  551.3333 ]
 [889.3333  533.3333 ]
 [867.3333  522.     ]
 [896.      506.     ]
 [846.6667  514.6667 ]
 [824.6667  500.     ]
 [819.3333  530.     ]
 [833.3333  542.6667 ]
 [810.      572.6667 ]
 [784.6667  556.     ]
 [765.3333  568.6667 ]
 [751.3333  548.     ]
 [766.      534.     ]
 [762.      502.66666]
 [740.6667  504.     ]
 [722.      506.     ]
 [737.3333  526.6667 ]
 [738.      462.     ]
 [697.3333  469.33334]
 [697.3333  501.33334]
 [674.      517.3333 ]
 [666.      537.3333 ]
 [676.6667  562.     ]
 [671.3333  588.6667 ]
 [688.6667  580.6667 ]
 [708.      616.     ]
 [733.3333  613.3333 ]
 [747.3333  594.6667 ]
 [774.      602.6667 ]
 [799.3333  624.6667 ]
 [786.      656.6667 ]
 [776.6667  636.6667 ]
 [764.6667  669.3333 ]
 [735.3333  670.     ]
 [822.      623.3333 ]
 [836.6667  608.     ]
 [811.3333  606.     ]
 [854.      598.6667 ]
 [876.6667  593.3333 ]
 [892.      615.3333 ]
 [900.      568.     ]
 [914.      547.3333 ]
 [938.      580.6667 ]
 [938.      565.3333 ]
 [922.6667  599.3333 ]
 [954.      633.3333 ]
 [924.6667  649.3333 ]
 [901.3333  649.3333 ]
 [906.      671.3333 ]
 [881.3333  682.     ]
 [844.6667  694.     ]
 [840.      671.3333 ]
 [842.      642.     ]
 [825.3333  684.     ]
 [830.      706.     ]
 [864.6667  502.66666]
 [864.      716.     ]
 [895.3333  703.3333 ]
 [900.      713.3333 ]
 [838.      734.     ]]"
v290,v290,v,"[[502.66666 695.3333 ]
 [520.      703.     ]
 [529.6667  717.6667 ]
 [476.66666 692.6667 ]
 [468.66666 711.     ]
 [503.66666 722.     ]
 [481.33334 729.3333 ]
 [498.66666 745.6667 ]
 [520.3333  730.6667 ]
 [536.      734.6667 ]
 [518.6667  750.3333 ]
 [506.      771.3333 ]
 [526.6667  787.6667 ]
 [475.33334 746.3333 ]
 [449.66666 737.     ]
 [434.33334 745.     ]
 [434.33334 774.6667 ]
 [446.33334 789.3333 ]
 [441.33334 807.3333 ]
 [430.66666 825.     ]
 [425.33334 795.6667 ]
 [463.      799.3333 ]
 [495.66666 793.3333 ]
 [479.33334 782.     ]
 [481.66666 810.6667 ]
 [467.      762.     ]
 [465.66666 829.6667 ]
 [449.66666 820.6667 ]]"
e4020,e4020,e,"[[872.6667  244.     ]
 [896.6667  258.     ]
 [872.      275.33334]
 [891.3333  286.66666]
 [910.6667  294.     ]
 [931.3333  296.     ]
 [935.3333  320.66666]
 [909.3333  336.66666]
 [868.      330.66666]
 [851.3333  342.     ]
 [848.      388.     ]
 [872.      376.     ]
 [885.3333  401.33334]
 [903.3333  372.     ]
 [849.3333  230.     ]
 [844.6667  217.33333]
 [818.6667  218.     ]
 [890.      198.66667]
 [844.      304.     ]
 [858.6667  284.66666]
 [933.3333  229.33333]
 [920.      215.33333]
 [911.3333  240.66667]
 [912.5     271.     ]]"
v6005,v6005,v,"[[3007. 3190.]
 [2969. 3192.]
 [2987. 3266.]
 [3023. 3260.]
 [2953. 3372.]
 [2913. 3384.]
 [2893. 3316.]
 [2861. 3430.]
 [2931. 3312.]
 [2993. 3356.]
 [3047. 3356.]
 [3045. 3400.]
 [3055. 3438.]
 [3083. 3418.]
 [3085. 3384.]
 [3125. 3358.]
 [3115. 3320.]
 [3099. 3292.]
 [3097. 3194.]
 [3137. 3194.]
 [3175. 3206.]
 [3199. 3218.]
 [3237. 3180.]
 [3261. 3206.]
 [3263. 3162.]
 [3281. 3102.]
 [3283. 3080.]
 [3309. 3164.]
 [3307. 3190.]
 [3227. 3284.]
 [3253. 3280.]
 [3265. 3320.]
 [3229. 3344.]
 [3215. 3314.]
 [3161. 3306.]
 [3173. 3348.]
 [3185. 3370.]
 [3155. 3394.]
 [3135. 3492.]
 [3171. 3504.]
 [3211. 3504.]
 [3107. 3498.]
 [3269. 3466.]
 [3271. 3530.]
 [3249. 3552.]
 [3247. 3430.]
 [3281. 3418.]
 [3299. 3398.]
 [3301. 3490.]]"
e202,e202,e,"[[455.  343. ]
 [442.  328.5]
 [422.5 323.5]
 [436.5 355. ]
 [397.5 345.5]
 [380.5 338. ]
 [374.5 382. ]
 [388.5 371. ]
 [410.  370. ]
 [421.  380. ]
 [422.5 401.5]
 [406.5 400.5]
 [399.5 415.5]
 [386.5 411.5]
 [367.  404. ]
 [371.5 424.5]
 [380.  449. ]
 [392.  431. ]
 [391.5 459.5]
 [392.5 396.5]
 [448.5 447.5]
 [452.  433. ]
 [469.  437.5]
 [461.  411. ]
 [444.  393. ]
 [478.  456. ]
 [483.5 427.5]
 [479.5 399.5]
 [465.  355.5]
 [453.  373. ]
 [475.  380. ]
 [463.  379.5]
 [475.  480. ]
 [487.5 490. ]
 [483.  499. ]
 [465.  508. ]
 [458.5 486. ]
 [446.  478. ]
 [428.5 478.5]
 [435.5 497.5]
 [420.  508. ]
 [406.  527.5]
 [420.  530. ]
 [432.5 523.5]
 [448.5 523.5]
 [451.5 507. ]
 [473.5 536. ]
 [453.  548.5]
 [443.5 542.5]
 [448.5 572. ]
 [434.  563. ]
 [431.  549. ]
 [421.5 546.5]
 [414.  560. ]
 [403.  556. ]
 [394.  546.5]
 [389.  572. ]
 [374.  581. ]
 [382.5 596.5]
 [422.  586.5]
 [471.  568. ]
 [488.5 524.5]
 [418.  430. ]]"
e89,e89,e,"[[834.5     287.     ]
 [845.      291.5    ]
 [861.      297.5    ]
 [850.5     314.5    ]
 [830.5     315.     ]
 [850.5     341.     ]
 [882.      359.     ]
 [865.      390.5    ]
 [859.5     413.5    ]
 [838.5     407.     ]
 [818.5     397.5    ]
 [798.      403.5    ]
 [833.      377.5    ]
 [810.5     366.5    ]
 [819.      348.5    ]
 [794.5     313.     ]
 [798.5     296.5    ]
 [794.5     305.     ]
 [791.3333  285.33334]
 [774.      292.5    ]
 [764.5     296.5    ]
 [743.5     297.     ]
 [742.5     313.     ]
 [774.      329.5    ]
 [788.5     327.     ]
 [769.5     350.     ]
 [751.      368.5    ]
 [738.5     351.     ]
 [720.5     356.5    ]
 [727.      384.     ]
 [715.      383.5    ]
 [809.      337.     ]
 [836.5     344.     ]
 [782.      392.     ]
 [763.5     284.5    ]
 [749.      278.5    ]
 [724.5     316.     ]
 [808.      285.     ]]"
e321a,e321a,e,"[[704.3333  431.33334]
 [690.3333  445.33334]
 [675.6667  469.33334]
 [653.      463.33334]
 [653.      479.33334]
 [641.6667  497.33334]
 [628.3333  475.33334]
 [615.6667  458.66666]
 [609.      484.     ]
 [593.      459.33334]
 [665.6667  417.33334]
 [760.3333  479.33334]
 [751.6667  460.66666]
 [788.3333  516.6667 ]
 [783.6667  502.     ]
 [763.6667  518.6667 ]
 [751.      537.3333 ]
 [757.6667  562.     ]
 [778.3333  561.3333 ]
 [729.      560.6667 ]
 [729.      542.6667 ]
 [733.6667  522.     ]
 [717.6667  508.66666]
 [711.6667  526.     ]
 [709.6667  548.     ]
 [689.      576.6667 ]
 [709.      582.6667 ]
 [715.      606.     ]
 [669.6667  596.     ]
 [665.      582.6667 ]
 [648.3333  564.     ]
 [627.      578.     ]
 [627.6667  595.3333 ]
 [641.      606.     ]
 [611.6667  546.6667 ]
 [603.6667  526.6667 ]
 [593.      540.6667 ]
 [569.6667  558.6667 ]
 [581.6667  575.3333 ]
 [626.3333  514.     ]
 [628.3333  536.     ]
 [652.3333  523.3333 ]
 [671.      521.3333 ]
 [687.6667  502.     ]
 [687.6667  540.     ]
 [673.      558.6667 ]
 [599.3333  502.66666]
 [670.3333  490.66666]
 [678.3333  433.33334]
 [646.      543.6667 ]]"
v27,v27,v,"[[909.3333  389.66666]
 [904.6667  413.     ]
 [871.3333  395.66666]
 [808.      433.66666]
 [628.      494.33334]
 [662.6667  437.66666]
 [688.6667  606.3333 ]
 [650.6667  599.     ]
 [647.3333  578.3333 ]
 [617.3333  586.3333 ]
 [622.6667  566.3333 ]
 [616.      555.6667 ]
 [657.3333  541.     ]
 [713.3333  504.33334]
 [720.      445.66666]
 [806.6667  504.33334]
 [832.6667  406.33334]
 [809.3333  462.33334]
 [695.3333  457.     ]
 [692.      492.33334]
 [651.3333  499.66666]
 [526.6667  437.     ]
 [551.3333  468.33334]
 [683.3333  517.     ]
 [758.      551.6667 ]
 [704.6667  536.3333 ]
 [566.      442.     ]
 [550.      432.     ]
 [651.      519.6667 ]
 [621.      536.3333 ]
 [680.3333  540.3333 ]
 [764.3333  512.3333 ]
 [717.6667  583.     ]
 [732.3333  491.66666]
 [709.6667  560.3333 ]
 [691.      556.3333 ]
 [783.      529.6667 ]
 [591.      561.     ]]"
e193,e193,e,"[[795.  698.5]
 [803.  715. ]
 [816.  722.5]
 [818.5 699. ]
 [852.5 716.5]
 [869.  732.5]
 [850.  746.5]
 [836.5 739.5]
 [865.5 755. ]
 [837.5 778.5]
 [795.5 762.5]
 [805.  748.5]
 [792.  736.5]
 [780.  713.5]
 [772.5 734.5]
 [761.  722.5]
 [746.  740.5]
 [761.  736.5]
 [772.5 785. ]
 [782.  804. ]
 [748.5 802. ]
 [725.5 814. ]
 [723.  793. ]
 [731.5 773. ]
 [715.  746.5]
 [715.  720.5]
 [694.  747. ]
 [691.  759.5]
 [682.5 773.5]
 [704.  762.5]
 [718.  785.5]
 [704.5 780.5]
 [738.  758. ]
 [803.  797.5]
 [758.  756. ]
 [697.5 723. ]]"
e324,e324,e,"[[742.      391.     ]
 [747.      426.     ]
 [735.      425.5    ]
 [723.5     417.5    ]
 [691.      394.5    ]
 [689.      420.     ]
 [677.5     426.     ]
 [665.      405.     ]
 [651.      399.5    ]
 [647.5     417.     ]
 [659.5     418.     ]
 [659.      429.     ]
 [622.5     409.5    ]
 [612.5     420.     ]
 [609.5     436.5    ]
 [603.5     457.     ]
 [604.5     480.5    ]
 [608.      502.5    ]
 [613.5     520.5    ]
 [634.5     525.     ]
 [629.      485.5    ]
 [620.      466.     ]
 [630.      446.     ]
 [649.      446.     ]
 [657.5     465.     ]
 [674.5     452.5    ]
 [669.      445.     ]
 [638.      464.     ]
 [646.      481.5    ]
 [656.5     503.5    ]
 [671.      480.5    ]
 [687.      488.5    ]
 [684.      508.5    ]
 [660.5     497.5    ]
 [701.      504.     ]
 [706.5     479.5    ]
 [699.5     461.     ]
 [715.      448.     ]
 [732.      439.     ]
 [733.5     459.5    ]
 [741.5     476.     ]
 [727.5     492.5    ]
 [740.      502.5    ]
 [752.      485.5    ]
 [783.5     487.5    ]
 [745.      449.5    ]
 [756.5     443.5    ]
 [772.      441.5    ]
 [772.5     421.5    ]
 [782.5     438.     ]
 [753.5     417.     ]
 [683.      396.5    ]
 [697.8333  443.83334]
 [625.6667  427.83334]]"
e4018,e4018,e,"[[942. 262.]
 [936. 239.]
 [916. 215.]
 [896. 191.]
 [903. 229.]
 [890. 233.]
 [900. 253.]
 [891. 288.]
 [886. 264.]
 [877. 249.]
 [883. 322.]
 [860. 317.]
 [887. 357.]
 [889. 382.]
 [843. 363.]
 [858. 401.]
 [883. 413.]
 [896. 433.]
 [935. 424.]
 [951. 395.]
 [978. 418.]
 [978. 445.]
 [969. 366.]
 [946. 352.]
 [924. 330.]
 [950. 303.]
 [916. 297.]]"
v170,v170,v,"[[792.     649.5   ]
 [769.     643.    ]
 [764.     629.5   ]
 [785.     626.5   ]
 [737.     746.    ]
 [726.5    762.5   ]
 [734.5    787.    ]
 [684.     736.5   ]
 [676.     708.    ]
 [695.5    675.5   ]
 [718.5    679.5   ]
 [677.5    665.5   ]
 [696.5    658.5   ]
 [679.     631.5   ]
 [702.     583.3333]
 [700.5    619.5   ]
 [709.5    609.    ]
 [691.     600.5   ]
 [715.     589.5   ]
 [694.     560.    ]
 [728.     625.    ]
 [776.5    675.    ]
 [804.5    639.5   ]]"
v6019b,v6019b,v,"[[3396.3333 3753.3333]
 [3437.6667 3824.    ]
 [3424.3333 3789.3333]
 [3392.3333 3840.    ]
 [3371.     3809.3333]
 [3339.     3817.3333]
 [3321.6667 3792.    ]
 [3316.3333 3826.6667]
 [3281.6667 3818.6667]
 [3283.     3784.    ]
 [3308.3333 3776.    ]
 [3256.3333 3797.3333]
 [3247.     3760.    ]
 [3224.3333 3797.3333]
 [3201.6667 3757.3333]
 [3200.3333 3661.3333]
 [3229.6667 3616.    ]
 [3275.     3630.6667]
 [3304.3333 3596.    ]
 [3329.6667 3581.3333]
 [3365.6667 3593.3333]
 [3344.3333 3641.3333]
 [3344.3333 3678.6667]
 [3304.3333 3684.    ]
 [3267.     3676.    ]
 [3441.6667 3733.3333]
 [3484.3333 3689.3333]
 [3519.     3656.    ]
 [3484.3333 3745.3333]
 [3483.     3780.    ]
 [3535.     3640.    ]
 [3447.     3593.3333]]"
e255,e255,e,"[[674.3333  535.6667 ]
 [683.3333  512.6667 ]
 [690.3333  551.6667 ]
 [682.      569.6667 ]
 [681.6667  593.6667 ]
 [663.3333  580.     ]
 [663.      610.3333 ]
 [667.6667  601.3333 ]
 [680.      615.3333 ]
 [649.      596.6667 ]
 [645.6667  576.3333 ]
 [630.      598.     ]
 [641.6667  616.     ]
 [662.6667  639.3333 ]
 [611.3333  599.3333 ]
 [598.      588.6667 ]
 [592.3333  607.6667 ]
 [577.      577.     ]
 [557.      587.     ]
 [561.      562.6667 ]
 [543.      568.     ]
 [514.      564.     ]
 [564.6667  542.6667 ]
 [583.      556.6667 ]
 [606.      562.6667 ]
 [635.6667  552.3333 ]
 [632.      565.6667 ]
 [644.      548.3333 ]
 [652.6667  536.3333 ]
 [647.6667  526.3333 ]
 [646.3333  508.33334]
 [637.      512.     ]
 [621.      534.     ]
 [607.3333  520.3333 ]
 [587.3333  530.6667 ]
 [575.3333  526.     ]
 [554.3333  523.     ]
 [526.3333  520.6667 ]
 [532.3333  500.     ]
 [541.      478.33334]
 [557.      472.66666]
 [566.      450.66666]
 [586.6667  456.33334]
 [581.6667  475.     ]
 [589.      492.     ]
 [597.6667  507.     ]
 [575.3333  507.     ]
 [568.6667  490.33334]
 [554.6667  503.33334]
 [601.3333  469.33334]
 [610.6667  440.33334]
 [631.      441.     ]
 [623.      462.33334]
 [631.      479.     ]
 [642.      491.33334]
 [649.      470.     ]
 [662.6667  459.     ]
 [657.6667  442.66666]
 [684.      446.33334]
 [685.      471.66666]
 [623.6667  497.33334]
 [613.3333  478.33334]
 [607.6667  494.     ]
 [629.      518.3333 ]
 [551.      546.6667 ]
 [535.      548.     ]
 [540.6667  531.3333 ]
 [670.      559.6667 ]
 [622.3333  625.3333 ]
 [615.6667  614.6667 ]]"
e2790,e2790,e,"[[718.      298.     ]
 [717.      327.     ]
 [695.      315.     ]
 [717.      349.5    ]
 [736.5     375.     ]
 [767.      341.5    ]
 [768.5     396.5    ]
 [783.5     412.5    ]
 [744.      429.     ]
 [726.      419.     ]
 [723.      402.     ]
 [708.      403.     ]
 [698.5     385.5    ]
 [709.      367.5    ]
 [697.5     363.     ]
 [676.      361.5    ]
 [687.5     340.     ]
 [680.      381.     ]
 [653.5     394.     ]
 [660.5     378.     ]
 [684.      397.5    ]
 [658.      413.     ]
 [653.      435.     ]
 [668.      448.     ]
 [684.5     434.5    ]
 [707.      424.5    ]
 [703.5     449.5    ]
 [636.5     461.     ]
 [634.      497.5    ]
 [622.      478.     ]
 [609.      501.5    ]
 [619.      523.5    ]
 [577.      521.5    ]
 [612.      547.     ]
 [604.      573.5    ]
 [589.5     581.5    ]
 [577.      577.     ]
 [577.      545.5    ]
 [588.5     561.5    ]
 [659.5     470.     ]
 [611.      465.5    ]
 [593.      479.     ]
 [624.3333  440.33334]]"
e4077,e4077,e,"[[701.      434.33334]
 [698.3333  456.33334]
 [714.3333  464.33334]
 [719.6667  449.     ]
 [710.3333  483.66666]
 [681.      483.66666]
 [733.      477.     ]
 [747.6667  494.33334]
 [735.      518.3333 ]
 [721.      513.     ]
 [721.      537.     ]
 [723.6667  564.3333 ]
 [719.      589.     ]
 [742.3333  582.3333 ]
 [750.3333  553.     ]
 [775.      542.3333 ]
 [760.3333  523.6667 ]
 [798.3333  563.     ]
 [786.3333  576.3333 ]
 [775.6667  561.6667 ]
 [786.3333  595.6667 ]
 [786.3333  609.     ]
 [672.3333  547.     ]
 [677.      529.6667 ]
 [687.6667  513.     ]
 [670.3333  567.6667 ]
 [702.3333  574.3333 ]
 [635.6667  548.3333 ]
 [631.6667  518.3333 ]
 [618.3333  530.3333 ]
 [601.      536.3333 ]
 [625.      565.     ]
 [603.6667  567.6667 ]
 [577.      541.     ]
 [555.      559.6667 ]
 [655.6667  512.3333 ]
 [575.      491.     ]
 [557.      478.33334]
 [578.3333  475.66666]
 [601.6667  487.66666]
 [611.      471.66666]
 [591.6667  510.33334]
 [575.6667  518.3333 ]
 [615.6667  445.     ]]"
e3a,e3a,e,"[[825.3333  370.33334]
 [821.3333  384.33334]
 [807.6667  374.     ]
 [794.      384.66666]
 [800.      396.     ]
 [795.6667  417.     ]
 [792.3333  431.66666]
 [807.      432.     ]
 [799.6667  447.     ]
 [771.      444.33334]
 [778.6667  453.66666]
 [777.6667  438.33334]
 [761.      433.     ]
 [747.      438.     ]
 [749.6667  452.66666]
 [735.6667  457.66666]
 [716.6667  460.66666]
 [729.3333  443.     ]
 [719.6667  435.     ]
 [738.      425.66666]
 [726.      472.     ]
 [782.3333  425.     ]
 [771.3333  396.     ]
 [768.3333  412.33334]
 [742.6667  411.33334]
 [811.5     415.25   ]
 [760.25    458.5    ]]"
e300,e300,e,"[[162.5 500.5]
 [152.5 482.5]
 [190.  506.5]
 [205.  522.5]
 [176.5 530.5]
 [172.  552. ]
 [216.5 568. ]
 [181.5 579.5]
 [171.5 578.5]
 [161.  575. ]
 [125.  590.5]
 [140.  608.5]
 [152.  619. ]
 [163.  647.5]
 [171.5 663.5]
 [195.5 675. ]
 [189.5 597.5]
 [202.5 612. ]
 [219.5 613.5]
 [196.  623.5]
 [200.5 584.5]
 [142.5 641. ]
 [129.  631. ]
 [182.5 637.5]
 [156.5 597.5]
 [224.  539.5]
 [128.5 613.5]]"
e200,e200,e,"[[716.      421.     ]
 [724.6667  446.33334]
 [692.      441.     ]
 [681.3333  430.33334]
 [692.6667  410.33334]
 [663.3333  403.66666]
 [664.      423.66666]
 [670.      445.     ]
 [646.6667  437.66666]
 [644.      422.33334]
 [642.      406.33334]
 [630.6667  431.66666]
 [614.6667  427.66666]
 [625.3333  464.33334]
 [604.      455.     ]
 [588.      465.     ]
 [586.      449.66666]
 [572.      459.66666]
 [558.      481.     ]
 [562.      507.66666]
 [581.3333  518.3333 ]
 [573.3333  535.6667 ]
 [592.6667  535.     ]
 [610.      534.3333 ]
 [604.6667  523.     ]
 [599.3333  507.     ]
 [601.3333  495.     ]
 [624.6667  477.     ]
 [616.6667  497.     ]
 [524.      541.     ]
 [525.3333  559.     ]
 [514.      505.     ]
 [499.33334 510.33334]
 [474.66666 513.6667 ]
 [484.      529.6667 ]
 [464.      535.     ]
 [454.      511.     ]
 [450.      527.     ]
 [439.33334 547.     ]
 [434.66666 521.6667 ]
 [431.33334 505.     ]
 [436.66666 477.66666]
 [432.66666 489.66666]
 [456.      487.66666]
 [471.33334 495.66666]
 [414.66666 520.3333 ]
 [482.66666 490.33334]
 [626.      511.     ]
 [581.3333  476.33334]
 [575.3333  497.     ]
 [560.      557.     ]
 [548.6667  551.6667 ]
 [542.6667  566.3333 ]]"
e4050a,e4050a,e,"[[699.3333  459.     ]
 [679.3333  459.     ]
 [660.6667  479.     ]
 [678.6667  489.     ]
 [662.      509.     ]
 [684.6667  507.     ]
 [641.3333  507.     ]
 [620.      494.33334]
 [624.      516.3333 ]
 [560.      541.6667 ]
 [535.3333  556.3333 ]
 [541.3333  542.3333 ]
 [535.3333  525.6667 ]
 [596.      494.33334]
 [708.6667  509.66666]
 [733.3333  517.6667 ]
 [733.3333  496.33334]
 [756.      515.     ]
 [759.3333  542.3333 ]
 [745.3333  533.     ]
 [772.6667  529.6667 ]
 [787.3333  530.3333 ]
 [805.3333  521.     ]
 [800.      505.     ]
 [790.      484.33334]
 [802.      470.33334]
 [825.3333  471.66666]
 [823.3333  445.66666]
 [816.      493.     ]
 [832.6667  513.6667 ]
 [834.      495.     ]
 [810.      542.3333 ]
 [794.6667  556.3333 ]
 [808.6667  574.3333 ]
 [777.3333  566.3333 ]
 [776.      589.6667 ]
 [790.6667  575.6667 ]
 [802.6667  592.3333 ]
 [786.      606.3333 ]
 [769.3333  617.     ]]"
e4041,e4041,e,"[[758.3333  499.33334]
 [749.6667  474.66666]
 [741.6667  493.33334]
 [726.3333  470.66666]
 [721.6667  493.33334]
 [702.3333  478.66666]
 [699.6667  500.     ]
 [716.3333  521.3333 ]
 [735.      510.66666]
 [742.3333  547.3333 ]
 [764.3333  544.     ]
 [765.6667  520.6667 ]
 [783.      524.     ]
 [797.6667  528.     ]
 [808.3333  552.     ]
 [805.      541.3333 ]
 [699.      556.     ]
 [689.6667  530.6667 ]
 [665.      526.6667 ]
 [668.3333  549.3333 ]
 [681.6667  562.6667 ]
 [696.3333  586.6667 ]
 [691.      604.6667 ]
 [686.3333  626.6667 ]
 [698.3333  646.     ]
 [707.6667  634.6667 ]
 [725.6667  657.3333 ]
 [737.6667  670.     ]
 [721.6667  682.     ]
 [707.      678.     ]
 [695.      670.6667 ]
 [747.      621.3333 ]
 [761.6667  606.     ]
 [753.      640.     ]
 [794.3333  643.3333 ]
 [815.6667  655.3333 ]
 [812.3333  620.6667 ]
 [813.6667  586.     ]
 [797.6667  574.6667 ]
 [820.3333  566.6667 ]
 [801.6667  604.6667 ]
 [779.      557.3333 ]
 [769.      573.3333 ]
 [747.      569.3333 ]
 [798.3333  508.     ]]"
e2240,e2240,e,"[[652.       149.      ]
 [594.6667   174.      ]
 [611.6667   149.33333 ]
 [612.6667   126.333336]
 [580.6667   143.33333 ]
 [582.       106.666664]
 [563.3333   126.666664]
 [533.6667   122.333336]
 [525.3333   143.66667 ]
 [524.6667   169.      ]
 [540.       157.66667 ]
 [557.       145.33333 ]
 [565.       161.33333 ]
 [554.6667   178.66667 ]
 [574.3333   176.      ]
 [564.3333   202.      ]
 [535.       201.66667 ]
 [556.       232.33333 ]
 [547.6667   259.66666 ]
 [555.       281.33334 ]
 [568.       260.      ]
 [572.       240.33331 ]
 [586.       233.66667 ]
 [590.       254.66666 ]
 [596.6667   273.33334 ]
 [599.       223.66667 ]
 [620.6667   223.33333 ]
 [633.       230.      ]
 [653.3333   235.66666 ]
 [614.3333   248.33331 ]
 [627.       265.33334 ]
 [637.       251.      ]
 [610.       193.66667 ]
 [591.       202.      ]
 [570.       276.      ]
 [632.6667   126.333336]
 [647.6667   143.66667 ]
 [644.5      218.      ]
 [652.       206.5     ]
 [647.5      255.5     ]
 [638.       283.      ]
 [557.5      220.5     ]]"
e2340,e2340,e,"[[417.66666 624.     ]
 [394.33334 623.3333 ]
 [412.33334 648.     ]
 [399.66666 666.6667 ]
 [381.66666 655.3333 ]
 [383.      640.     ]
 [406.33334 592.     ]
 [427.      597.3333 ]
 [446.33334 637.3333 ]
 [477.66666 615.3333 ]
 [462.33334 642.6666 ]
 [566.3333  458.66666]
 [495.      638.     ]
 [517.6667  634.6667 ]
 [533.      624.6667 ]
 [538.3333  602.6667 ]
 [516.3333  604.6667 ]
 [505.66666 607.3333 ]
 [508.33334 591.3333 ]
 [506.33334 563.6667 ]
 [477.      594.6667 ]
 [465.66666 590.6667 ]
 [455.66666 588.6667 ]
 [455.66666 574.     ]
 [469.66666 572.6667 ]
 [454.33334 555.3333 ]
 [428.33334 561.3333 ]
 [414.33334 567.3333 ]
 [486.33334 553.3333 ]
 [496.33334 544.6667 ]
 [490.33334 534.     ]
 [514.3333  532.     ]
 [519.6667  554.     ]
 [526.      589.     ]
 [533.6667  569.3333 ]
 [517.      568.6667 ]
 [517.      584.6667 ]
 [553.      576.     ]
 [556.3333  604.     ]
 [572.3333  565.3333 ]
 [570.3333  546.6667 ]
 [559.6667  552.     ]
 [539.6667  552.6667 ]
 [548.3333  538.6667 ]
 [539.6667  537.3333 ]
 [541.6667  525.3333 ]
 [544.3333  518.6667 ]
 [568.3333  525.3333 ]
 [579.      540.6667 ]
 [586.3333  560.     ]
 [599.6667  556.6667 ]
 [604.3333  544.     ]
 [607.6667  572.6667 ]
 [631.6667  561.3333 ]
 [633.      538.6667 ]
 [651.      534.6667 ]
 [637.6667  524.     ]
 [656.3333  494.     ]
 [643.6667  479.33334]
 [664.3333  464.66666]
 [629.6667  446.     ]
 [628.3333  458.     ]
 [624.3333  475.33334]
 [634.3333  490.66666]
 [545.6667  497.33334]
 [577.      497.33334]
 [563.      491.33334]
 [587.6667  476.     ]
 [606.3333  510.66666]
 [589.6667  519.3333 ]
 [621.      514.     ]
 [612.3333  490.     ]
 [607.6667  470.66666]
 [591.      454.66666]
 [588.3333  426.66666]
 [601.6667  432.     ]
 [585.      440.66666]
 [621.6667  425.33334]
 [628.3333  410.66666]
 [633.6667  394.     ]
 [622.3333  388.     ]
 [633.6667  368.66666]
 [661.      370.     ]
 [653.6667  392.     ]
 [659.      338.66666]
 [591.      570.6667 ]
 [542.3333  486.     ]
 [452.      619.5    ]
 [398.      642.5    ]]"
v11,v11,v,"[[638.6667  369.33334]
 [590.      378.     ]
 [628.      406.     ]
 [542.      420.     ]
 [546.6667  448.     ]
 [738.      324.     ]
 [722.6667  311.33334]
 [703.3333  300.     ]
 [694.      317.33334]
 [705.3333  334.     ]
 [687.3333  363.33334]
 [680.      346.66666]
 [728.6667  294.66666]
 [746.6667  300.     ]
 [768.6667  301.33334]
 [757.3333  317.33334]
 [751.3333  402.     ]
 [762.6667  419.33334]
 [767.3333  438.     ]
 [743.3333  434.66666]
 [737.3333  454.     ]
 [684.6667  475.33334]
 [704.      460.66666]
 [620.      479.33334]
 [640.6667  488.66666]
 [662.6667  504.     ]
 [601.3333  480.     ]
 [632.      507.33334]
 [582.6667  422.     ]
 [587.3333  406.     ]
 [602.6667  402.66666]
 [654.6667  424.66666]
 [641.3333  398.66666]
 [653.3333  378.     ]
 [456.66666 435.33334]
 [474.      489.33334]
 [500.66666 469.33334]
 [476.66666 541.3333 ]
 [557.3333  470.     ]
 [564.6667  461.33334]
 [580.6667  458.     ]
 [724.      388.66666]
 [520.      371.33334]
 [528.6667  389.33334]
 [550.      402.     ]
 [632.6667  456.     ]
 [715.3333  442.     ]
 [668.      460.66666]
 [667.3333  487.33334]
 [652.      473.33334]
 [600.6667  422.     ]
 [624.      422.     ]
 [617.3333  436.66666]
 [599.3333  446.66666]
 [603.3333  464.66666]
 [583.3333  440.66666]
 [661.3333  406.     ]
 [564.      431.33334]
 [605.3333  391.33334]
 [444.66666 419.33334]
 [464.66666 409.33334]
 [434.66666 440.66666]
 [436.66666 461.33334]
 [440.      498.     ]
 [445.33334 482.     ]
 [530.6667  474.66666]
 [686.5     439.     ]
 [662.      443.     ]
 [725.5     419.     ]
 [529.5     436.     ]
 [465.25    456.75   ]
 [523.5     456.     ]
 [522.      413.5    ]
 [427.      479.5    ]
 [720.      352.5    ]
 [638.      440.5    ]
 [476.      508.     ]]"
e4030,e4030,e,"[[591.3333  230.33333]
 [605.3333  245.66667]
 [596.      265.66666]
 [565.3333  259.66666]
 [558.      275.66666]
 [571.3333  219.66667]
 [585.3333  284.33334]
 [602.6667  294.33334]
 [576.6667  301.66666]
 [595.3333  313.     ]
 [616.      343.     ]
 [586.6667  373.66666]
 [565.3333  381.     ]
 [556.6667  355.     ]
 [638.6667  319.66666]
 [658.6667  303.     ]
 [694.6667  284.33334]
 [683.3333  311.66666]
 [711.3333  271.66666]
 [738.      288.33334]
 [758.      304.33334]
 [735.3333  266.33334]
 [675.3333  268.33334]
 [659.3333  275.66666]
 [633.3333  263.     ]
 [643.3333  241.66667]
 [652.      354.33334]
 [662.6667  376.33334]
 [668.6667  398.33334]
 [654.      418.33334]
 [640.6667  400.33334]
 [636.      421.     ]
 [618.      396.33334]
 [630.      377.66666]
 [612.6667  417.     ]
 [594.      425.     ]
 [598.      403.66666]
 [608.6667  365.     ]
 [688.6667  406.33334]
 [727.3333  430.33334]
 [751.3333  434.33334]
 [660.6667  455.     ]
 [673.3333  475.66666]
 [656.6667  477.     ]
 [638.      451.66666]
 [620.      475.66666]
 [618.      457.     ]
 [602.      447.6667 ]
 [593.3333  463.     ]
 [631.3333  439.66666]
 [634.6667  509.6667 ]
 [649.3333  493.     ]
 [655.3333  518.3333 ]
 [667.3333  538.3333 ]
 [684.6667  494.33337]
 [710.      497.     ]
 [722.6667  511.6667 ]
 [730.      527.6667 ]
 [697.3333  521.     ]
 [760.      503.     ]
 [794.6667  437.66666]]"
v380,v380,v,"[[695.5 369. ]
 [683.  351.5]
 [675.5 375.5]
 [697.5 390. ]
 [688.5 407.5]
 [711.5 408. ]
 [705.  429. ]
 [727.  431. ]
 [644.  450. ]
 [637.5 432.5]
 [611.5 438. ]
 [630.  465. ]
 [583.  417. ]
 [599.5 397. ]
 [569.  369.5]
 [593.5 363.5]
 [604.  345.5]
 [590.  331. ]
 [624.  343. ]
 [630.  323.5]
 [661.  348.5]
 [658.5 388.5]
 [612.  384. ]
 [632.5 386.5]
 [617.  361. ]
 [618.5 407. ]
 [658.5 371. ]
 [650.  361. ]
 [680.  429. ]]"
d526,d526,d,"[[896.6667  338.     ]
 [893.3333  361.33334]
 [878.      356.     ]
 [865.3333  336.     ]
 [870.      368.     ]
 [735.3333  424.     ]
 [822.6667  374.66666]
 [822.6667  396.     ]
 [844.      392.66666]
 [804.      394.66666]
 [787.3333  374.66666]
 [772.6667  372.     ]
 [736.      392.     ]
 [746.      409.33334]
 [764.6667  400.     ]
 [790.      393.33334]
 [790.      418.66666]
 [735.3333  446.     ]
 [711.3333  428.     ]
 [704.6667  406.     ]
 [720.6667  389.33334]
 [687.3333  432.     ]
 [671.3333  436.66666]
 [681.3333  416.     ]
 [702.6667  469.33334]
 [723.3333  463.33334]
 [684.6667  476.66666]
 [836.6667  428.     ]
 [859.3333  424.     ]
 [850.      444.66666]
 [874.6667  413.33334]
 [894.6667  408.66666]
 [884.6667  438.66666]
 [900.      452.     ]
 [915.3333  449.33334]
 [916.      409.33334]
 [934.      412.66666]
 [931.3333  387.33334]
 [944.6667  372.     ]
 [951.3333  392.     ]
 [954.      419.33334]
 [970.      359.33334]
 [948.      349.33334]]"
d426,d426,d,"[[733.5 144.5]
 [722.5 141.5]
 [705.  158. ]
 [682.  162. ]
 [709.5 190. ]
 [691.5 192. ]
 [681.  186.5]
 [657.5 180.5]
 [644.5 168. ]
 [656.5 148.5]
 [629.5 186.5]
 [635.  219.5]
 [664.  203. ]
 [687.  216. ]
 [668.  229. ]
 [657.  248. ]
 [639.  259.5]
 [607.  237.5]
 [589.5 223. ]
 [600.5 205. ]
 [606.5 183. ]
 [575.5 199.5]
 [565.  219. ]
 [543.5 218.5]
 [518.5 234.5]
 [517.  258. ]
 [525.  277. ]
 [534.  242. ]
 [555.  248. ]
 [578.5 243. ]
 [582.  268. ]
 [561.  282.5]
 [589.  290.5]
 [591.5 312.5]
 [587.5 325. ]
 [569.5 317. ]
 [559.5 334.5]
 [577.5 356.5]
 [547.5 320.5]
 [538.  305. ]
 [548.5 272. ]
 [587.5 380. ]
 [580.5 373.5]
 [599.5 356. ]
 [614.5 369. ]
 [616.  353. ]
 [601.  338. ]
 [622.  329. ]
 [616.5 303. ]
 [629.  288.5]
 [619.  278.5]
 [607.5 280. ]
 [641.  307. ]
 [644.5 328.5]
 [647.  348.5]
 [677.  332.5]
 [696.5 309. ]
 [660.  291.5]
 [697.5 249.5]
 [703.5 277. ]
 [682.  288.5]
 [719.  290. ]
 [739.5 260.5]
 [706.  236.5]
 [717.  212.5]
 [739.5 201.5]
 [746.5 208. ]
 [769.  192. ]
 [772.  220. ]
 [785.5 196. ]
 [786.5 167. ]
 [816.  156.5]
 [832.  120. ]
 [813.  100. ]
 [785.  127.5]
 [781.  111.5]
 [752.  119.5]
 [745.5 132. ]
 [763.5 142. ]
 [685.  135. ]]"
d545,d545,d,"[[798.  595. ]
 [777.  598. ]
 [792.  583. ]
 [781.  626. ]
 [766.  639. ]
 [750.  619. ]
 [760.  601. ]
 [731.  618. ]
 [735.  600. ]
 [704.  623. ]
 [712.  649. ]
 [718.  635. ]
 [731.  651. ]
 [738.  677. ]
 [752.  652. ]
 [696.  649. ]
 [680.  639. ]
 [681.  664. ]
 [689.  676. ]
 [669.  697. ]
 [681.  730. ]
 [640.  712. ]
 [644.  675. ]
 [660.  655. ]
 [648.  632. ]
 [632.  621. ]
 [634.  601. ]
 [618.  609. ]
 [655.  585. ]
 [688.  584. ]
 [708.  593. ]
 [718.  577. ]
 [711.  558. ]
 [668.  610. ]
 [622.  575. ]
 [587.  577. ]
 [598.  559. ]
 [574.  614. ]
 [668.  540. ]
 [656.  519. ]
 [664.  495. ]
 [676.  482. ]
 [678.  469. ]
 [684.  449. ]
 [685.  430. ]
 [698.  397. ]
 [640.  404. ]
 [634.  449. ]
 [643.  480. ]
 [618.  489. ]
 [619.  511. ]
 [608.  511. ]
 [584.  516. ]
 [702.  529. ]
 [691.  539. ]
 [730.  548. ]
 [747.  571. ]
 [756.  517. ]
 [764.  499. ]
 [767.  477. ]
 [744.  491. ]
 [739.  477. ]
 [797.  468. ]
 [806.  508. ]
 [800.  521. ]
 [700.  470. ]
 [591.5 674. ]]"
d445,d445,d,"[[486.66666 443.66666]
 [468.66666 433.     ]
 [447.33334 433.66666]
 [461.33334 459.66666]
 [438.66666 457.     ]
 [428.      481.     ]
 [444.66666 500.33334]
 [429.33334 501.     ]
 [417.33334 503.66666]
 [395.33334 450.33334]
 [386.66666 430.33334]
 [378.      410.33334]
 [405.33334 412.33334]
 [420.66666 417.66666]
 [408.66666 437.66666]
 [417.33334 449.66666]
 [371.33334 447.66666]
 [364.66666 429.     ]
 [346.66666 414.33334]
 [342.66666 425.     ]
 [349.33334 445.     ]
 [354.66666 465.     ]
 [469.33334 408.33334]
 [488.66666 416.33334]
 [508.      441.66666]
 [519.3333  419.66666]
 [521.3333  468.33334]
 [545.3333  515.6667 ]
 [544.      537.6667 ]
 [552.6667  561.6667 ]
 [526.6667  567.6667 ]
 [512.      571.6667 ]
 [490.66666 567.6667 ]
 [492.66666 589.6667 ]
 [501.33334 541.6667 ]
 [492.      527.     ]
 [522.      521.6667 ]
 [496.66666 505.66666]
 [478.66666 513.6667 ]
 [467.33334 551.6667 ]
 [458.      580.3333 ]
 [431.33334 571.     ]
 [440.      553.     ]
 [442.      530.3333 ]
 [418.      530.3333 ]
 [416.66666 550.3333 ]
 [408.66666 571.     ]
 [386.66666 555.6667 ]
 [391.33334 533.     ]
 [376.      515.6667 ]
 [371.33334 533.6667 ]
 [356.      555.     ]
 [361.33334 571.6667 ]
 [376.66666 577.     ]
 [389.33334 598.3333 ]
 [354.      597.     ]
 [418.      626.3333 ]
 [399.33334 653.     ]
 [371.33334 651.6667 ]
 [353.33334 649.6667 ]
 [427.33334 611.     ]]"
d549,d549,d,"[[893.  294. ]
 [893.  315. ]
 [874.5 305.5]
 [865.5 323.5]
 [870.5 342.5]
 [860.  352.5]
 [853.  336.5]
 [833.5 328. ]
 [822.  351. ]
 [834.  366. ]
 [850.5 375.5]
 [836.5 393.5]
 [821.5 385. ]
 [820.5 403.5]
 [828.  410.5]
 [807.  414. ]
 [796.5 406.5]
 [790.5 390. ]
 [801.5 361.5]
 [782.5 356. ]
 [783.  343. ]
 [807.  333.5]
 [792.  323. ]
 [766.  328.5]
 [745.5 334.5]
 [755.5 354. ]
 [774.  366. ]
 [771.  384.5]
 [757.  368.5]
 [749.  373. ]
 [730.  355.5]
 [730.  372. ]
 [720.  336.5]
 [710.  358. ]
 [711.  377.5]
 [686.  366. ]
 [693.5 395. ]
 [679.5 404. ]
 [664.5 407.5]
 [663.  426.5]
 [631.5 422.5]
 [648.5 473. ]
 [634.5 490. ]
 [656.5 491. ]
 [673.5 486.5]
 [674.5 445. ]
 [696.  448. ]
 [699.  459. ]
 [707.5 432.5]
 [700.  416. ]
 [714.  407.5]
 [717.  398.5]
 [726.  412.5]
 [727.5 431. ]
 [747.  438.5]
 [747.5 425.5]
 [749.  408. ]
 [771.  415.5]
 [767.  429. ]
 [791.5 427. ]
 [665.  383.5]]"
v980,v980,v,"[[747.  262. ]
 [787.  280.5]
 [789.  257. ]
 [819.5 288.5]
 [782.5 301.5]
 [814.  322. ]
 [787.5 349. ]
 [769.5 334.5]
 [796.  371. ]
 [824.  369. ]
 [810.5 385. ]
 [766.5 356.5]
 [745.5 351.5]
 [736.5 332.5]
 [723.  367.5]
 [725.  343. ]
 [713.  349.5]
 [824.5 397. ]
 [755.5 332. ]
 [759.5 291. ]]"
d502,d502,d,"[[689.      420.33334]
 [680.3333  397.     ]
 [645.      396.33334]
 [628.3333  404.33334]
 [630.3333  429.66666]
 [612.3333  437.     ]
 [619.6667  467.66666]
 [606.3333  493.     ]
 [588.3333  475.66666]
 [625.6667  487.66666]
 [635.6667  505.     ]
 [597.      510.33334]
 [576.3333  509.66666]
 [589.      494.33334]
 [587.      457.     ]
 [600.3333  465.     ]
 [653.      452.33334]
 [680.3333  453.     ]
 [677.      433.     ]
 [705.      446.33334]
 [761.6667  453.     ]
 [766.3333  505.66666]
 [754.3333  521.     ]
 [762.3333  542.3333 ]
 [734.3333  542.3333 ]
 [708.3333  492.33334]
 [675.6667  483.66666]
 [668.3333  505.     ]
 [662.3333  517.     ]
 [641.      524.3333 ]
 [630.3333  543.6667 ]
 [655.      543.6667 ]
 [642.3333  565.     ]
 [662.3333  567.6667 ]
 [699.      549.     ]
 [686.3333  532.3333 ]
 [759.6667  567.6667 ]
 [777.      579.6667 ]
 [774.3333  607.6667 ]
 [775.6667  620.3333 ]
 [795.      598.3333 ]
 [800.3333  619.     ]
 [817.      586.3333 ]
 [822.3333  565.6667 ]
 [726.3333  577.     ]
 [713.      593.6667 ]
 [705.      565.6667 ]
 [709.      611.6667 ]
 [727.6667  618.3333 ]
 [734.3333  604.3333 ]
 [716.3333  639.     ]
 [806.3333  669.6667 ]
 [809.      646.3333 ]
 [829.      615.6667 ]
 [834.3333  683.6667 ]
 [849.6667  658.3333 ]
 [778.3333  681.     ]
 [786.3333  658.3333 ]
 [763.      682.3333 ]
 [748.3333  657.     ]]"
d241,d241,d,"[[497.  492.5]
 [516.  481.5]
 [526.5 500.5]
 [530.5 523. ]
 [552.  551. ]
 [560.  578.5]
 [541.5 538. ]
 [564.5 607.5]
 [544.  592.5]
 [523.  614.5]
 [508.  598. ]
 [498.5 565. ]
 [498.5 546.5]
 [485.5 557.5]
 [464.  553. ]
 [472.  539. ]
 [448.5 544. ]
 [449.5 561.5]
 [468.  574. ]
 [486.  584. ]
 [481.  598. ]
 [486.5 615. ]
 [459.  610.5]
 [444.  598. ]]"
e290,e290,e,"[[795.  544. ]
 [797.  524.5]
 [777.5 532.5]
 [757.5 518.5]
 [730.5 510. ]
 [716.5 495.5]
 [694.5 491.5]
 [691.5 476.5]
 [652.5 474. ]
 [671.5 497.5]
 [679.5 513.5]
 [645.5 494.5]
 [622.5 486.5]
 [609.  471. ]
 [603.5 449.5]
 [578.  477. ]
 [593.5 491. ]
 [609.5 513.5]
 [630.5 513.5]
 [619.5 535.5]
 [682.5 537. ]
 [672.5 522.5]
 [700.5 536. ]
 [698.5 552. ]
 [684.5 561.5]
 [668.  570.5]
 [686.  577.5]
 [653.5 555.5]
 [641.5 536. ]
 [710.  516.5]
 [719.  555.5]
 [726.5 582.5]
 [739.5 597. ]
 [752.5 589. ]
 [750.5 573.5]
 [772.  564.5]
 [773.  581. ]
 [762.  546. ]
 [746.  533. ]
 [729.  538.5]
 [705.5 577. ]]"
e4049a,e4049a,e,"[[1216.6666    340.      ]
 [1204.6666    310.66666 ]
 [1210.        224.      ]
 [1198.        197.33333 ]
 [1204.6666    173.33333 ]
 [1187.3334    157.33333 ]
 [1179.3334    117.333336]
 [1182.         96.      ]
 [1198.        114.666664]
 [1216.6666    150.66667 ]
 [1216.6666    130.66667 ]]"
e216,e216,e,"[[754.5 477. ]
 [734.5 459. ]
 [725.  442.5]
 [713.5 460.5]
 [701.  478. ]
 [686.5 452. ]
 [676.5 480. ]
 [724.5 500.5]
 [740.5 488. ]
 [751.5 513. ]
 [767.5 520.5]
 [775.5 493. ]
 [788.  510. ]
 [765.5 541.5]
 [744.  530. ]
 [719.5 553.5]
 [724.5 567. ]
 [739.  577.5]
 [734.  515.5]
 [704.5 539.5]
 [723.  539.5]
 [693.5 559.5]
 [703.  566.5]
 [698.  585.5]
 [707.5 604. ]
 [743.5 604.5]
 [766.5 564.5]
 [796.5 571.5]
 [800.5 554. ]
 [811.  549. ]
 [773.  600.5]
 [814.5 588.5]
 [820.  609.5]
 [837.  620.5]
 [837.  595.5]
 [827.  642. ]
 [847.5 674. ]
 [831.5 683.5]
 [819.  670.5]
 [818.5 691. ]
 [821.5 719. ]
 [839.5 719. ]
 [856.5 710. ]
 [664.  509. ]
 [650.  491. ]
 [630.5 442. ]
 [599.  440. ]
 [608.5 486. ]
 [606.  505. ]
 [607.5 518.5]
 [617.5 546. ]
 [635.  556.5]
 [641.  530. ]
 [666.  530. ]
 [686.  537.5]
 [684.  518.5]
 [685.  573. ]
 [667.5 584. ]
 [683.5 592.5]
 [677.  605.5]
 [660.  600. ]
 [650.5 618. ]
 [646.  577. ]
 [614.  585.5]
 [622.  608.5]
 [638.  625.5]
 [599.5 568.5]
 [589.5 589. ]
 [596.5 612.5]
 [612.5 622. ]
 [576.5 613.5]
 [592.  638.5]
 [575.5 639. ]
 [564.5 634.5]
 [569.5 659. ]
 [567.  681. ]
 [641.5 403. ]
 [623.5 395. ]]"
d596,d596,d,"[[771.3333 590.6667]
 [792.6667 600.    ]
 [790.     623.3333]
 [802.     634.6667]
 [810.6667 659.3333]
 [820.6667 678.    ]
 [826.     709.3333]
 [803.3333 697.3333]
 [779.3333 679.3333]
 [787.3333 710.6667]
 [761.3333 708.    ]
 [772.     739.3333]
 [744.6667 704.    ]
 [728.6667 704.    ]
 [718.6667 692.    ]
 [726.6667 676.6667]
 [714.6667 671.3333]
 [698.6667 697.3333]
 [682.     685.3333]
 [672.6667 712.    ]
 [670.     731.3333]
 [664.     650.6667]
 [659.3333 632.    ]
 [685.3333 648.6667]
 [692.     636.    ]
 [706.     624.    ]
 [684.6667 601.3333]
 [732.6667 596.6667]
 [766.     608.    ]
 [757.3333 630.6667]
 [747.3333 640.6667]
 [721.3333 640.6667]
 [731.3333 646.6667]
 [704.6667 640.6667]
 [753.3333 656.    ]
 [800.6667 674.    ]
 [779.3333 644.    ]
 [783.3333 653.3333]]"
e4049,e4049,e,"[[ 988.3333     60.      ]
 [1020.3333     84.      ]
 [ 965.6667     85.333336]
 [ 939.         90.666664]
 [ 951.6667    125.333336]
 [ 964.3333    145.33333 ]
 [ 972.3333    120.666664]
 [ 957.6667    102.      ]
 [ 992.3333    108.      ]
 [ 991.6667    140.      ]
 [1011.        124.      ]
 [1025.        122.666664]
 [1023.        141.33333 ]
 [1009.6667    154.      ]
 [ 984.3333    155.33333 ]
 [ 975.        172.66667 ]
 [ 979.        142.66667 ]
 [1025.6666    180.      ]
 [1041.6666    172.      ]
 [1045.6666    186.66667 ]
 [1063.        199.33333 ]
 [1009.6667    188.      ]
 [1061.        170.66667 ]
 [1049.        157.33333 ]
 [1061.6666    138.66667 ]
 [1077.6666    133.33333 ]
 [1090.3334    150.66667 ]
 [1080.3334    169.33333 ]]"
e4034,e4034,e,"[[ 953.6667   296.     ]
 [ 920.3333   283.33334]
 [ 903.       300.     ]
 [ 884.3333   293.33334]
 [ 892.3333   316.     ]
 [ 897.6667   352.     ]
 [ 887.       333.33334]
 [ 875.       320.     ]
 [ 866.3333   338.66666]
 [ 841.6667   336.66666]
 [ 848.3333   321.33334]
 [ 856.3333   305.33334]
 [ 809.       361.33334]
 [ 823.6667   367.33334]
 [ 823.       334.66666]
 [ 839.       352.     ]
 [ 833.6667   385.33334]
 [ 784.3333   402.66666]
 [ 800.3333   418.66666]
 [ 775.6667   420.66666]
 [ 915.       319.33334]
 [ 948.3333   340.     ]
 [ 973.       349.33334]
 [ 969.       324.66666]
 [ 913.       368.66666]
 [ 893.6667   396.66666]
 [ 894.3333   380.66666]
 [ 875.6667   394.     ]
 [ 874.3333   412.66666]
 [ 868.3333   429.33334]
 [ 875.       451.33334]
 [ 880.3333   473.33334]
 [ 881.6667   498.     ]
 [ 879.6667   516.     ]
 [ 872.3333   536.6667 ]
 [ 897.       531.3333 ]
 [ 917.6667   516.6667 ]
 [ 862.3333   507.33334]
 [ 861.6667   486.     ]
 [ 846.3333   534.6667 ]
 [ 806.3333   476.66666]
 [ 810.3333   492.66666]
 [ 797.6667   508.66666]
 [ 783.6667   495.33334]
 [ 775.       472.     ]
 [ 795.6667   440.66666]
 [ 829.6667   450.     ]
 [ 850.3333   442.     ]
 [ 892.3333   436.66666]
 [ 908.3333   424.66666]
 [ 903.6667   409.33334]
 [ 914.3333   446.     ]
 [ 947.       404.66666]
 [ 949.6667   386.     ]
 [ 929.       392.     ]
 [ 973.6667   380.     ]
 [ 973.6667   403.33334]
 [ 996.3333   396.66666]
 [1022.3333   406.     ]
 [1003.       428.66666]
 [ 985.6667   419.33334]
 [ 975.       430.     ]
 [ 980.3333   446.     ]
 [ 988.3333   456.66666]
 [ 972.3333   466.     ]
 [ 952.3333   475.33334]
 [ 945.6667   459.33334]
 [ 933.6667   472.66666]
 [ 971.       494.     ]
 [ 980.3333   483.33334]
 [ 995.6667   490.     ]
 [1015.       483.33334]
 [1043.6666   479.33334]
 [ 997.       508.     ]
 [ 979.6667   516.6667 ]
 [ 908.3333   494.     ]
 [1002.3333   346.33334]
 [1015.6667   375.66666]
 [1025.6666   335.     ]]"
e308,e308,e,"[[808.      471.5    ]
 [805.      444.     ]
 [787.5     477.     ]
 [772.5     497.5    ]
 [762.      516.5    ]
 [779.      519.5    ]
 [794.5     511.5    ]
 [805.      494.5    ]
 [821.      500.     ]
 [839.5     500.     ]
 [847.      480.     ]
 [847.5     459.5    ]
 [854.      450.     ]
 [865.      482.     ]
 [862.      500.     ]
 [853.      522.5    ]
 [853.5     552.     ]
 [835.      542.     ]
 [871.      534.     ]
 [834.5     577.     ]
 [819.5     568.     ]
 [812.      588.     ]
 [792.      559.     ]
 [776.5     544.     ]
 [806.5     541.     ]
 [811.      519.     ]
 [792.      531.     ]
 [731.      519.     ]
 [753.5     525.     ]
 [722.      539.5    ]
 [712.5     556.     ]
 [696.      564.5    ]
 [706.      588.5    ]
 [724.5     568.     ]
 [724.      582.5    ]
 [715.      603.5    ]
 [725.      618.5    ]
 [739.      626.5    ]
 [745.5     570.5    ]
 [743.5     554.5    ]
 [764.5     561.     ]
 [772.5     580.     ]
 [784.5     571.5    ]
 [790.      590.5    ]
 [773.3333  592.     ]
 [767.      479.     ]
 [738.6667  536.6667 ]
 [826.6667  458.33334]
 [870.      471.     ]]"
e304,e304,e,"[[627.      408.66666]
 [639.6667  427.33334]
 [627.6667  438.66666]
 [634.3333  460.     ]
 [625.6667  476.66666]
 [615.6667  451.33334]
 [597.6667  466.66666]
 [589.      451.33334]
 [580.3333  434.     ]
 [591.      416.     ]
 [560.3333  443.33334]
 [539.6667  454.66666]
 [552.3333  470.66666]
 [566.3333  484.66666]
 [573.6667  468.66666]
 [586.3333  481.33334]
 [581.      506.     ]
 [557.      496.     ]
 [573.      530.     ]
 [587.      545.3333 ]
 [591.6667  524.     ]
 [600.3333  509.33334]
 [621.6667  522.6667 ]
 [615.6667  546.6667 ]
 [640.3333  510.66666]
 [649.6667  531.3333 ]
 [673.6667  528.6667 ]
 [679.6667  505.33334]
 [673.6667  486.     ]
 [659.      486.     ]
 [687.      399.33334]
 [709.6667  455.33334]
 [711.      480.     ]
 [700.3333  488.     ]
 [691.      472.     ]
 [722.3333  498.     ]
 [716.3333  467.33334]
 [732.3333  518.6667 ]
 [702.3333  532.6667 ]
 [701.      509.33334]
 [691.6667  560.6667 ]
 [671.      554.     ]
 [680.3333  572.6667 ]
 [689.      588.     ]
 [711.      576.     ]
 [715.6667  550.6667 ]
 [718.3333  590.     ]
 [729.      606.6667 ]
 [733.6667  603.3333 ]
 [729.      626.     ]
 [750.3333  617.3333 ]
 [751.      584.     ]
 [745.      551.3333 ]
 [713.      426.66666]
 [695.      442.66666]
 [654.      398.5    ]
 [672.5     410.     ]
 [690.5     419.5    ]
 [677.5     432.     ]
 [707.5     403.     ]]"
e204,e204,e,"[[906.      248.66667]
 [886.6667  244.     ]
 [897.3333  280.66666]
 [920.6667  283.33334]
 [896.      302.     ]
 [879.3333  324.     ]
 [870.6667  351.33334]
 [912.6667  329.33334]
 [945.3333  326.     ]
 [976.      316.     ]
 [953.3333  352.     ]
 [918.      362.     ]
 [926.6667  376.66666]
 [906.      394.66666]
 [940.      418.66666]
 [887.3333  438.     ]
 [889.3333  460.66666]
 [869.3333  452.     ]
 [858.      431.33334]
 [813.3333  400.     ]
 [857.3333  474.66666]
 [823.3333  455.33334]
 [800.      456.66666]
 [792.      436.     ]
 [799.3333  482.     ]
 [782.      488.     ]
 [754.      486.     ]
 [782.6667  506.     ]
 [804.      521.3333 ]
 [844.      510.     ]
 [850.6667  529.3333 ]
 [896.6667  508.66666]
 [904.6667  532.     ]
 [916.6667  490.66666]
 [922.6667  470.66666]
 [781.3333  561.3333 ]
 [840.6667  566.     ]
 [758.      611.3333 ]
 [739.3333  631.3333 ]
 [667.3333  625.3333 ]
 [752.      506.66666]
 [733.3333  523.3333 ]
 [733.3333  505.33334]]"
e2090,e2090,e,"[[666.5     298.5    ]
 [697.      321.5    ]
 [687.5     331.5    ]
 [714.5     335.5    ]
 [667.5     334.     ]
 [658.      349.     ]
 [661.6667  387.33334]
 [645.5     368.     ]
 [640.5     393.     ]
 [633.5     359.5    ]
 [628.      347.25   ]
 [639.3333  340.     ]
 [628.      324.5    ]
 [636.      282.     ]
 [620.6667  274.66666]
 [609.5     318.5    ]
 [598.5     331.     ]
 [605.      350.5    ]
 [609.5     379.     ]
 [593.5     375.5    ]
 [612.      405.     ]
 [626.5     396.5    ]
 [582.      396.5    ]
 [596.      415.5    ]
 [567.      413.5    ]
 [559.      441.     ]
 [551.5     420.5    ]
 [527.      419.     ]
 [541.      396.5    ]
 [557.5     373.     ]
 [571.      355.5    ]
 [557.5     340.5    ]
 [575.      314.     ]
 [564.      325.5    ]
 [581.      281.     ]
 [556.      282.5    ]
 [546.      299.5    ]
 [539.      317.5    ]
 [534.      274.     ]
 [513.5     300.5    ]
 [516.5     324.5    ]
 [522.5     376.5    ]
 [511.      349.     ]
 [491.5     337.     ]
 [480.5     315.     ]
 [458.      308.5    ]
 [486.      360.5    ]
 [485.      386.5    ]
 [501.5     380.5    ]
 [508.      404.5    ]
 [488.5     408.5    ]
 [469.      407.5    ]
 [452.5     389.     ]
 [425.5     397.5    ]
 [452.      420.     ]
 [580.5     435.5    ]
 [644.5     304.     ]
 [523.      401.5    ]
 [473.33334 295.     ]
 [597.5     432.5    ]
 [615.      425.5    ]
 [629.      416.     ]]"
v6003,v6003,v,"[[3312. 2660.]
 [3310. 2722.]
 [3298. 2690.]
 [3364. 2752.]
 [3278. 2756.]
 [3262. 2722.]
 [3304. 2772.]
 [3272. 2778.]
 [3308. 2806.]
 [3320. 2850.]
 [3328. 2814.]
 [3336. 2894.]
 [3382. 2882.]
 [3286. 2932.]
 [3330. 2978.]
 [3256. 2914.]
 [3236. 2874.]
 [3256. 2822.]]"
v670,v670,v,"[[776.      452.33334]
 [737.3333  465.     ]
 [749.3333  482.33334]
 [768.6667  475.     ]
 [775.3333  495.     ]
 [756.      513.6667 ]
 [739.3333  527.     ]
 [727.3333  515.     ]
 [722.      539.     ]
 [740.      549.     ]
 [770.6667  546.3333 ]
 [762.      581.     ]
 [770.6667  580.3333 ]
 [749.3333  601.6667 ]
 [725.3333  607.6667 ]
 [731.3333  571.     ]
 [698.6667  596.3333 ]
 [702.      559.     ]
 [702.6667  529.     ]
 [689.3333  527.     ]
 [705.3333  510.33334]
 [711.3333  471.66666]
 [690.6667  503.66666]
 [688.6667  463.     ]
 [664.6667  463.     ]
 [634.      487.66666]
 [616.6667  467.     ]
 [617.3333  495.     ]
 [640.      511.     ]
 [648.6667  501.66666]
 [664.6667  487.66666]
 [666.      507.66666]
 [657.3333  525.6667 ]
 [662.6667  536.3333 ]
 [660.6667  557.     ]
 [678.      544.3333 ]
 [680.6667  560.3333 ]
 [678.      582.3333 ]
 [655.3333  581.     ]
 [637.3333  600.3333 ]
 [660.6667  604.3333 ]
 [630.      626.3333 ]
 [636.      661.     ]
 [650.6667  681.6667 ]
 [622.6667  699.6667 ]
 [612.6667  677.6667 ]
 [592.      679.     ]
 [581.3333  660.3333 ]
 [610.6667  649.     ]
 [564.6667  603.6667 ]
 [547.3333  639.6667 ]
 [524.6667  634.3333 ]
 [521.3333  619.6667 ]
 [518.      597.6667 ]
 [529.3333  576.3333 ]
 [542.6667  556.3333 ]
 [543.3333  571.6667 ]
 [516.6667  554.3333 ]
 [507.33334 563.6667 ]
 [495.33334 551.6667 ]
 [495.33334 523.6667 ]
 [471.33334 537.     ]
 [505.33334 603.6667 ]
 [498.33334 625.     ]
 [530.      693.     ]
 [492.      697.     ]
 [489.33334 728.3333 ]
 [498.      747.6667 ]
 [520.      721.6667 ]
 [536.      730.3333 ]
 [543.3333  711.6667 ]
 [554.6667  707.6667 ]
 [580.      701.6667 ]
 [554.      728.3333 ]
 [520.25    739.25   ]
 [570.      723.     ]
 [605.3333  703.     ]
 [590.      714.3333 ]
 [632.6667  570.3333 ]
 [636.6667  544.3333 ]
 [604.      554.3333 ]
 [588.6667  562.3333 ]
 [582.      550.3333 ]
 [596.      579.6667 ]
 [569.3333  493.     ]
 [576.6667  461.66666]
 [680.6667  669.6667 ]
 [562.6667  655.     ]
 [541.3333  593.     ]
 [675.3333  432.33334]
 [654.      440.33334]
 [729.3333  451.66666]
 [724.6667  431.66666]
 [750.      439.     ]
 [644.      694.75   ]
 [607.75    712.75   ]]"
e4038,e4038,e,"[[777.3333    54.666668]
 [764.        26.      ]
 [750.        75.333336]
 [732.6667    57.333332]
 [730.        77.333336]
 [774.6667    87.333336]
 [786.       100.      ]
 [793.3333    83.333336]
 [766.6667   119.333336]
 [758.6667   105.333336]
 [796.       125.333336]
 [798.6667   154.66667 ]
 [874.        46.666668]
 [900.        28.      ]
 [915.3333    64.      ]
 [842.6667   110.666664]
 [818.3333   153.33334 ]
 [827.6667   180.66667 ]
 [816.3333    51.333336]
 [835.6667    58.666668]
 [830.3333    80.66667 ]]"
e185,e185,e,"[[603.3333  370.66666]
 [603.3333  357.33334]
 [585.3333  362.66666]
 [568.6667  357.33334]
 [583.3333  340.66666]
 [600.      402.     ]
 [607.3333  416.     ]
 [589.3333  417.33334]
 [576.      430.     ]
 [560.      453.33334]
 [560.      429.33334]
 [565.3333  399.33334]
 [547.3333  394.66666]
 [552.6667  413.33334]
 [532.6667  408.     ]
 [543.3333  408.     ]
 [550.      374.     ]
 [550.      352.     ]
 [536.      361.33334]
 [532.6667  382.     ]
 [524.6667  346.66666]
 [516.6667  376.     ]
 [514.      356.66666]
 [496.66666 354.66666]
 [496.      376.66666]
 [492.      395.33334]
 [509.33334 394.     ]
 [498.      411.33334]
 [481.33334 412.66666]
 [479.33334 374.66666]
 [460.66666 402.66666]
 [470.      416.66666]
 [474.      432.66666]
 [468.      450.     ]
 [470.66666 504.     ]
 [482.      497.33334]
 [502.66666 496.66666]
 [520.6667  496.66666]
 [519.3333  523.3333 ]
 [532.      530.6667 ]
 [548.      540.6667 ]
 [534.6667  506.66666]
 [549.3333  516.6667 ]
 [553.3333  494.     ]
 [556.      474.     ]
 [541.3333  446.66666]
 [533.3333  443.33334]
 [588.      440.66666]
 [598.      446.     ]
 [592.      470.     ]
 [606.6667  464.66666]
 [604.      499.33334]
 [608.6667  514.     ]
 [609.3333  537.3333 ]
 [572.      543.3333 ]
 [566.      522.6667 ]
 [583.3333  516.6667 ]
 [581.3333  492.66666]
 [566.      504.     ]
 [572.6667  480.     ]]"
e4020a,e4020a,e,"[[569.  555.5]
 [568.  520.5]
 [582.  510. ]
 [588.  530.5]
 [549.  509. ]
 [622.5 528. ]
 [624.5 510.5]
 [641.  494. ]
 [614.  471.5]
 [599.  464.5]
 [587.5 462.5]
 [586.5 480. ]
 [573.5 469.5]
 [646.5 464. ]
 [678.5 459.5]
 [670.  444.5]
 [651.5 450. ]
 [655.5 422. ]
 [680.5 425. ]
 [697.  414. ]
 [737.5 478. ]
 [678.  516.5]
 [657.  507. ]
 [659.  542.5]
 [628.5 556. ]
 [557.5 590.5]]"
e4010,e4010,e,"[[726. 624.]
 [745. 642.]
 [755. 614.]
 [769. 634.]
 [782. 646.]
 [776. 664.]
 [759. 672.]
 [768. 645.]
 [715. 674.]
 [695. 651.]
 [703. 660.]
 [709. 642.]
 [707. 626.]
 [695. 608.]
 [691. 625.]
 [667. 634.]
 [652. 620.]
 [633. 637.]
 [619. 614.]
 [605. 626.]
 [579. 598.]
 [597. 668.]
 [620. 682.]
 [623. 658.]
 [635. 679.]
 [649. 658.]
 [660. 679.]
 [687. 685.]]"
e197,e197,e,"[[713.      479.66666]
 [724.3333  497.66666]
 [698.3333  477.66666]
 [698.3333  497.     ]
 [705.      511.     ]
 [691.      519.     ]
 [671.      496.33334]
 [650.3333  500.33334]
 [652.3333  515.6667 ]
 [689.6667  553.     ]
 [635.      533.     ]
 [624.3333  548.3333 ]
 [647.      551.6667 ]
 [650.3333  575.     ]
 [666.3333  584.3333 ]
 [666.3333  606.3333 ]
 [666.3333  628.3333 ]
 [674.3333  657.6667 ]
 [649.6667  669.6667 ]
 [657.6667  646.3333 ]
 [641.      615.     ]
 [630.3333  603.6667 ]
 [609.6667  604.3333 ]
 [601.6667  625.     ]
 [609.      647.6667 ]
 [670.3333  707.6667 ]
 [647.6667  717.6667 ]
 [661.6667  693.     ]
 [637.      691.6667 ]
 [619.6667  623.     ]
 [683.      616.3333 ]
 [621.      566.3333 ]
 [633.      585.     ]
 [695.6667  647.6667 ]
 [685.6667  723.6667 ]]"
e320,e320,e,"[[734.      410.     ]
 [731.      438.5    ]
 [749.5     443.     ]
 [779.      450.5    ]
 [768.      431.     ]
 [756.      392.5    ]
 [707.5     452.5    ]
 [694.      467.5    ]
 [689.5     489.5    ]
 [706.      497.5    ]
 [722.      499.5    ]
 [710.5     480.     ]
 [723.      458.5    ]
 [736.      480.5    ]
 [746.      464.5    ]
 [747.      491.     ]
 [727.5     518.5    ]
 [738.5     533.     ]
 [718.5     542.     ]
 [708.      517.5    ]
 [692.      533.     ]
 [700.5     551.     ]
 [688.5     570.5    ]
 [701.      586.5    ]
 [711.5     564.     ]
 [715.5     581.     ]
 [682.      552.     ]
 [680.      532.5    ]
 [661.      547.     ]
 [667.5     566.     ]
 [678.      589.     ]
 [652.5     578.5    ]
 [638.      585.     ]
 [625.      599.     ]
 [609.      599.     ]
 [630.5     575.5    ]
 [608.      566.     ]
 [600.5     543.5    ]
 [584.5     532.5    ]
 [600.      505.5    ]
 [625.5     506.5    ]
 [618.5     531.     ]
 [642.      536.     ]
 [639.      518.5    ]
 [651.5     507.     ]
 [644.      490.5    ]
 [649.5     468.     ]
 [607.3333  488.     ]
 [623.6667  552.3333 ]
 [667.6667  488.66666]
 [626.6667  478.33334]
 [687.3333  442.     ]
 [689.3333  514.     ]]"
d2093,d2093,d,"[[663.6667  447.     ]
 [642.3333  453.66666]
 [679.6667  459.     ]
 [661.      475.66666]
 [684.3333  480.33334]
 [713.      478.33334]
 [731.      489.     ]
 [747.6667  511.     ]
 [760.3333  525.     ]
 [777.      537.     ]
 [684.3333  505.     ]
 [657.      499.66666]
 [621.6667  485.66666]
 [636.3333  502.33334]
 [601.      487.     ]
 [705.      521.     ]
 [746.3333  538.3333 ]
 [763.6667  553.     ]
 [748.3333  561.6667 ]
 [779.      601.6667 ]
 [763.      593.     ]
 [741.      586.3333 ]
 [722.3333  597.     ]
 [719.6667  573.     ]
 [696.3333  575.6667 ]
 [662.3333  566.3333 ]
 [671.6667  531.     ]
 [617.6667  546.3333 ]
 [588.3333  519.     ]
 [617.6667  517.6667 ]
 [695.6667  634.3333 ]
 [653.6667  675.     ]
 [676.3333  669.6667 ]
 [700.3333  679.6667 ]
 [721.6667  690.3333 ]
 [770.3333  666.3333 ]
 [769.      639.6667 ]
 [717.6667  651.     ]
 [705.6667  659.     ]
 [775.6667  613.     ]
 [745.      633.     ]
 [727.      629.     ]
 [714.3333  625.     ]
 [703.6667  603.     ]
 [691.6667  609.     ]
 [747.      615.6667 ]
 [732.3333  615.6667 ]
 [785.      573.6667 ]
 [709.6667  541.6667 ]]"
v480,v480,v,"[[430.  401.5]
 [426.5 419. ]
 [449.  397. ]
 [449.5 416.5]
 [436.5 432.5]
 [458.  440. ]
 [451.5 475. ]
 [433.  481. ]
 [410.  432.5]
 [395.5 422. ]
 [389.  433. ]
 [379.  414.5]
 [393.  404. ]
 [390.  391.5]
 [359.5 414. ]
 [341.5 398.5]
 [351.5 439.5]
 [354.5 457.5]
 [373.  449.5]
 [378.  469.5]
 [331.  452.5]
 [328.  433.5]
 [322.  409.5]
 [402.  350.5]
 [415.5 379.5]
 [419.5 309. ]
 [416.  328.5]
 [397.  334.5]
 [380.5 343. ]
 [440.5 379.5]]"
v23,v23,v,"[[745.      479.33334]
 [805.      465.33334]
 [775.6667  453.33334]
 [681.6667  514.6667 ]
 [669.6667  517.3333 ]
 [652.3333  495.33334]
 [648.3333  533.3333 ]
 [642.3333  519.3333 ]
 [671.6667  531.3333 ]
 [667.6667  482.     ]
 [651.      477.33334]
 [661.6667  458.     ]
 [641.6667  450.     ]
 [661.      426.     ]
 [612.3333  418.66666]
 [639.      419.33334]
 [609.6667  464.66666]
 [626.3333  486.66666]
 [716.3333  449.33334]
 [693.      429.33334]
 [706.3333  466.66666]
 [707.      496.66666]
 [728.6667  475.33334]
 [679.6667  468.     ]
 [727.3333  433.66666]
 [708.3333  430.     ]
 [708.      439.66666]
 [672.6667  497.     ]
 [687.3333  504.33334]
 [683.      484.     ]
 [703.6667  481.     ]
 [737.6667  446.33334]
 [699.6667  452.33334]
 [646.3333  463.     ]
 [593.3333  448.66666]
 [725.3333  456.33334]
 [650.6667  440.33334]
 [677.3333  452.     ]
 [682.3333  418.     ]]"
v40,v40,v,"[[1208.5     773.    ]
 [1191.      771.5   ]
 [1185.      797.5   ]
 [1202.      793.    ]
 [1190.5     828.5   ]
 [1250.5     784.5   ]
 [1261.      805.    ]
 [1271.5     834.    ]
 [1249.      832.    ]
 [1300.5     843.    ]
 [1234.      848.5   ]
 [1226.5     837.    ]
 [1219.      827.5   ]
 [1201.      849.    ]
 [1210.      859.5   ]
 [1185.      860.5   ]
 [1190.5     901.    ]
 [1182.      881.5   ]
 [1254.5     890.5   ]
 [1260.5     920.5   ]
 [1208.      920.5   ]
 [1215.5     909.    ]
 [1183.5     942.    ]
 [1180.5     962.5   ]
 [1198.5     984.    ]
 [1283.      886.    ]
 [1224.      884.    ]
 [1203.5     814.5   ]
 [1258.      856.    ]
 [1216.      965.5   ]
 [1224.5     781.5   ]
 [1179.      926.    ]
 [1171.      900.    ]
 [1173.6666  986.    ]
 [1157.6666  967.3333]
 [1235.      915.3333]
 [1157.6666  894.6667]
 [1169.     1008.6667]
 [1282.3334  804.3333]]"
e4052a,e4052a,e,"[[434.      414.     ]
 [413.33334 416.66666]
 [428.66666 395.33334]
 [438.      380.66666]
 [459.33334 392.66666]
 [445.33334 402.66666]
 [473.33334 408.66666]
 [481.33334 417.33334]
 [484.66666 392.     ]
 [504.      405.33334]
 [507.33334 392.66666]
 [501.33334 422.66666]
 [508.      442.     ]
 [487.33334 448.66666]
 [470.      436.     ]
 [458.66666 423.33334]
 [451.33334 433.33334]
 [456.      452.     ]
 [436.66666 449.33334]
 [436.66666 472.66666]
 [452.      469.33334]
 [450.      490.66666]
 [432.66666 498.66666]
 [464.      509.33334]
 [452.66666 519.3333 ]
 [484.      492.66666]
 [478.66666 475.33334]
 [494.      466.66666]
 [510.      475.33334]
 [500.66666 486.66666]
 [497.33334 506.     ]
 [512.      500.     ]
 [533.3333  501.33334]
 [527.3333  538.6667 ]
 [512.6667  524.6667 ]
 [502.      544.6667 ]
 [485.33334 528.6667 ]
 [483.33334 544.     ]
 [469.33334 538.     ]
 [462.66666 545.3333 ]
 [475.33334 559.3333 ]
 [450.66666 558.     ]
 [439.33334 543.3333 ]
 [460.66666 576.6667 ]
 [480.66666 599.3333 ]
 [454.      598.6667 ]
 [463.33334 608.6667 ]
 [490.66666 646.6667 ]
 [475.33334 635.3333 ]
 [489.33334 627.3333 ]
 [517.3333  593.3333 ]
 [526.6667  582.6667 ]
 [523.3333  566.6667 ]
 [535.3333  556.6667 ]
 [548.      556.6667 ]
 [556.6667  542.     ]
 [560.      519.3333 ]
 [538.6667  519.3333 ]
 [593.3333  552.6667 ]
 [561.3333  585.3333 ]
 [572.      575.3333 ]
 [586.      563.3333 ]
 [576.6667  588.6667 ]
 [562.      607.3333 ]
 [586.      603.3333 ]
 [588.6667  620.     ]
 [589.3333  594.6667 ]
 [599.3333  578.6667 ]
 [608.      603.3333 ]
 [605.3333  630.6667 ]
 [626.6667  635.3333 ]
 [427.33334 541.3333 ]]"
e2,e2,e,"[[778.3333 667.6667]
 [742.3333 697.    ]
 [724.     715.6667]
 [741.6667 718.6667]
 [759.     708.6667]
 [770.6667 689.3333]
 [793.3333 691.    ]
 [742.     733.6667]
 [718.6667 738.3333]
 [735.6667 752.6667]
 [739.     774.3333]
 [755.     790.6667]
 [763.6667 762.3333]
 [684.     718.    ]
 [707.6667 707.3333]
 [723.6667 694.    ]
 [782.     748.3333]
 [755.3333 810.3333]
 [786.5    655.1667]]"
d469,d469,d,"[[650.  463.5]
 [664.  486. ]
 [649.  502. ]
 [668.5 508. ]
 [667.5 525. ]
 [651.5 530.5]
 [662.  546. ]
 [629.5 520.5]
 [633.5 531.5]
 [617.  535. ]
 [616.  518.5]
 [598.  532.5]
 [585.5 547. ]
 [602.5 556. ]
 [606.5 571. ]
 [585.5 577. ]
 [571.5 568.5]
 [563.5 587.5]
 [633.5 566. ]
 [714.  491. ]
 [734.5 498.5]
 [743.  479.5]
 [759.5 498.5]
 [744.  517. ]
 [722.5 520. ]
 [734.  537. ]
 [769.  522.5]
 [725.5 472.5]
 [699.5 535.5]
 [813.  481. ]
 [870.  490. ]]"
v1320,v1320,v,"[[640.5 401. ]
 [616.5 390. ]
 [602.5 370.5]
 [597.5 378.5]
 [581.  396. ]
 [601.5 410. ]
 [619.  409.5]
 [667.5 366.5]
 [659.5 394.5]
 [678.  405.5]
 [694.  390. ]
 [697.5 364.5]
 [715.  373.5]
 [739.5 378.5]
 [722.  393.5]
 [695.5 433. ]
 [661.5 425.5]
 [657.5 447.5]
 [636.5 444. ]
 [622.5 427.5]
 [613.5 439. ]
 [633.  462. ]
 [655.  475. ]
 [649.  492. ]
 [639.5 480. ]
 [618.  476. ]
 [599.  474. ]
 [610.  457. ]
 [594.  458. ]
 [597.5 431. ]
 [573.5 450. ]
 [576.  428.5]
 [561.5 405.5]
 [557.5 428. ]
 [556.  444.5]
 [537.  439.5]
 [516.  447.5]
 [530.5 428.5]
 [541.5 465. ]
 [617.5 302. ]
 [601.5 303. ]
 [601.5 318. ]
 [578.5 323. ]
 [575.  306. ]
 [647.5 326. ]
 [661.  303. ]
 [648.  284.5]
 [660.  273.5]
 [613.5 280.5]
 [680.  269.5]
 [685.  291. ]
 [682.  310. ]
 [662.  332.5]
 [703.  304. ]
 [713.  333. ]
 [695.5 339. ]
 [748.  318.5]
 [724.5 350.5]]"
d577,d577,d,"[[745.3333  552.3333 ]
 [744.6667  535.6667 ]
 [749.3333  513.6667 ]
 [766.6667  533.6667 ]
 [776.      515.6667 ]
 [759.3333  494.33334]
 [778.6667  488.33334]
 [780.      467.     ]
 [802.6667  468.33334]
 [777.3333  445.66666]
 [782.6667  426.33334]
 [799.3333  414.33334]
 [816.      408.33334]
 [786.6667  397.66666]
 [766.6667  403.66666]
 [745.3333  389.     ]
 [744.      409.     ]
 [738.      433.     ]
 [727.3333  413.     ]
 [757.3333  373.66666]
 [778.6667  351.     ]
 [794.6667  371.     ]
 [812.      366.33334]
 [812.6667  383.66666]
 [800.6667  325.66666]
 [784.      319.66666]
 [753.3333  327.66666]
 [767.3333  341.     ]
 [732.      331.66666]
 [730.6667  303.     ]
 [712.      281.66666]
 [725.3333  274.33334]
 [709.3333  298.33334]
 [687.3333  283.     ]
 [671.3333  288.33334]
 [656.6667  305.66666]
 [678.6667  317.     ]
 [672.      335.     ]
 [694.      339.     ]
 [677.3333  348.33334]
 [692.6667  315.     ]
 [658.6667  343.     ]
 [625.3333  327.     ]
 [639.3333  335.     ]
 [621.3333  345.66666]
 [604.      361.     ]
 [616.      390.33334]
 [638.6667  404.33334]
 [664.      382.33334]
 [676.      369.66666]
 [700.      357.66666]
 [714.      385.66666]
 [707.3333  405.     ]
 [694.      401.     ]
 [676.      397.66666]
 [698.6667  429.66666]
 [714.      431.66666]
 [704.      453.66666]
 [716.      469.66666]
 [724.      447.66666]
 [699.3333  496.33334]
 [721.3333  498.33334]
 [756.      449.66666]
 [758.6667  430.33334]
 [691.3333  473.     ]
 [662.6667  506.33334]
 [654.      471.66666]
 [653.3333  457.     ]
 [644.6667  447.66666]
 [633.3333  461.     ]
 [622.      483.     ]
 [636.      494.33334]
 [629.3333  527.6667 ]
 [652.      538.3333 ]
 [706.6667  558.3333 ]
 [686.6667  559.6667 ]
 [698.      574.3333 ]
 [665.3333  564.3333 ]
 [644.      561.6667 ]
 [633.3333  573.6667 ]
 [636.6667  593.6667 ]
 [614.6667  571.     ]
 [614.6667  548.3333 ]
 [590.      536.3333 ]
 [591.3333  556.3333 ]
 [614.6667  449.66666]
 [620.      421.66666]
 [590.6667  446.33334]
 [580.      463.     ]
 [602.6667  471.     ]
 [586.6667  491.     ]
 [597.3333  508.33334]
 [576.6667  513.6667 ]
 [568.      493.     ]
 [562.      465.66666]
 [550.6667  480.33334]
 [544.      446.33334]
 [536.      416.33334]
 [529.3333  396.33334]
 [538.6667  381.     ]
 [560.6667  357.     ]
 [575.3333  340.33334]
 [554.      415.     ]
 [569.3333  429.66666]
 [725.      526.     ]]"
e140,e140,e,"[[784.     666.    ]
 [798.6667 683.3333]
 [787.3333 692.    ]
 [790.     706.6667]
 [767.3333 700.6667]
 [771.3333 717.3333]
 [828.6667 682.6667]
 [823.3333 719.3333]
 [812.6667 702.6667]
 [797.3333 729.3333]
 [812.     742.6667]
 [832.6667 740.6667]
 [792.     749.3333]
 [754.6667 735.3333]
 [734.6667 734.6667]
 [738.     759.3333]
 [760.6667 754.    ]
 [776.     766.    ]
 [766.6667 786.    ]
 [774.     802.    ]
 [796.     796.6667]
 [808.     782.    ]
 [837.3333 840.    ]
 [823.3333 825.3333]
 [804.     816.    ]
 [804.6667 850.6667]
 [789.3333 834.    ]
 [772.6667 846.    ]
 [781.3333 860.    ]
 [766.6667 822.    ]
 [757.3333 810.    ]
 [740.     825.3333]
 [755.3333 841.3333]
 [732.     800.6667]
 [711.3333 798.6667]
 [726.     786.    ]
 [742.6667 778.6667]
 [744.6667 794.    ]
 [711.3333 834.    ]
 [704.     818.    ]
 [684.6667 842.6667]
 [663.3333 834.6667]
 [690.     878.    ]
 [686.6667 894.    ]
 [708.     851.3333]
 [698.6667 862.6667]
 [728.     873.3333]
 [720.6667 867.3333]
 [742.6667 868.    ]
 [741.     889.    ]
 [809.     830.    ]
 [835.5    715.    ]
 [796.3333 772.3333]
 [727.6667 847.    ]
 [755.3333 866.    ]
 [822.6667 844.6667]]"
e298,e298,e,"[[761.3333  478.     ]
 [774.3333  505.33334]
 [780.      524.6667 ]
 [772.      549.6667 ]
 [756.6667  535.3333 ]
 [740.      543.6667 ]
 [729.3333  528.3333 ]
 [713.3333  513.6667 ]
 [731.6667  500.33334]
 [697.3333  476.33334]
 [684.      479.     ]
 [664.6667  477.66666]
 [688.6667  451.33334]
 [705.6667  494.     ]
 [724.6667  470.33334]
 [694.3333  505.66666]
 [674.6667  501.     ]
 [675.6667  519.     ]
 [666.      528.3333 ]
 [694.6667  548.3333 ]
 [704.6667  569.     ]
 [717.3333  590.6667 ]
 [696.3333  607.6667 ]
 [669.      583.6667 ]
 [653.3333  593.6667 ]
 [641.      605.6667 ]
 [618.3333  582.6667 ]
 [639.      580.6667 ]
 [645.      564.     ]
 [626.3333  566.6667 ]
 [607.      532.     ]
 [624.      508.     ]
 [610.6667  492.66666]
 [596.6667  479.33334]
 [617.3333  473.33334]
 [631.3333  453.     ]
 [649.6667  491.     ]
 [670.6667  443.66666]
 [657.6667  456.66666]
 [652.3333  447.66666]
 [687.6667  583.     ]
 [739.3333  459.33334]
 [724.      564.6667 ]]"
e2720,e2720,e,"[[726.  506. ]
 [725.  485. ]
 [746.  489. ]
 [683.  515.5]
 [665.  501. ]
 [647.5 513. ]
 [590.5 515. ]
 [575.  551.5]
 [592.5 537.5]
 [716.  528.5]
 [737.5 529. ]
 [755.5 532. ]
 [773.5 539. ]
 [786.5 518.5]
 [780.  488. ]
 [768.5 497. ]
 [700.  521. ]
 [661.  528. ]
 [688.  539.5]
 [702.  535. ]
 [675.  533. ]
 [810.5 467.5]
 [818.  505.5]
 [803.  535.5]
 [825.  532. ]
 [824.5 524.5]
 [802.5 488.5]
 [562.5 532. ]
 [748.5 510.5]]"
e13,e13,e,"[[746.6667  244.33333]
 [730.6667  254.     ]
 [706.      232.     ]
 [698.6667  211.     ]
 [667.3333  205.66667]
 [643.6667  216.33333]
 [663.3333  269.66666]
 [645.      262.33334]
 [643.3333  285.33334]
 [671.      286.33334]
 [691.3333  260.33334]
 [708.      268.     ]
 [654.6667  315.     ]
 [668.6667  306.     ]
 [688.3333  313.66666]
 [694.3333  295.66666]
 [718.3333  292.33334]
 [727.6667  275.33334]
 [753.3333  280.     ]
 [738.3333  293.66666]
 [724.6667  310.     ]
 [745.6667  308.     ]
 [767.      312.33334]
 [791.      335.     ]
 [762.3333  347.     ]
 [739.6667  347.     ]
 [734.      368.     ]
 [767.      383.     ]
 [783.6667  369.66666]
 [800.6667  361.     ]
 [790.6667  350.     ]
 [764.      291.33334]
 [758.      329.     ]
 [771.      364.33334]
 [678.3333  328.     ]
 [713.6667  317.     ]
 [717.6667  249.33333]
 [657.      254.33333]
 [656.      283.     ]
 [631.5     252.     ]
 [632.      242.5    ]]"
v290a,v290a,v,"[[601.5 379.5]
 [585.  395.5]
 [601.  426. ]
 [624.  425.5]
 [640.5 414. ]
 [595.5 412. ]
 [643.  446.5]
 [660.5 456. ]
 [654.  474.5]
 [659.5 498. ]
 [657.5 518. ]
 [629.  505. ]
 [633.  487.5]
 [631.5 528.5]
 [641.  536.5]
 [622.5 467. ]
 [606.  455. ]
 [607.5 487. ]
 [586.5 518. ]
 [563.  497. ]
 [566.  453.5]
 [564.5 478.5]
 [577.  443.5]
 [568.5 422.5]
 [528.5 427.5]
 [517.5 447. ]
 [507.5 428. ]
 [476.5 466. ]
 [493.  472.5]
 [503.  491. ]
 [520.5 504. ]
 [546.  464. ]
 [551.  514. ]
 [541.  550. ]
 [554.5 563.5]
 [558.  535.5]
 [575.  560. ]
 [570.  576.5]
 [589.5 557.5]
 [605.5 559.5]
 [609.5 572.5]
 [621.5 551.5]
 [484.5 544.5]
 [493.  567.5]
 [494.  585. ]
 [510.5 582. ]
 [507.  605. ]
 [489.  618. ]
 [469.5 571. ]
 [451.5 552. ]
 [451.  584. ]
 [469.  597.5]
 [430.5 524.5]
 [424.  493. ]
 [416.  513. ]
 [415.5 458. ]
 [431.5 459.5]
 [452.  451. ]
 [465.  440. ]
 [491.5 447. ]
 [444.5 476. ]]"
v4134,v4134,v,"[[676.      607.     ]
 [652.6667  619.6667 ]
 [692.6667  607.6667 ]
 [725.5     644.5    ]
 [666.      652.3333 ]
 [638.      645.6667 ]
 [612.      662.3333 ]
 [608.6667  683.6667 ]
 [629.3333  689.     ]
 [638.      705.     ]
 [658.      690.3333 ]
 [624.6667  723.     ]
 [602.      643.6667 ]
 [585.3333  622.3333 ]
 [569.3333  615.     ]
 [550.      612.3333 ]
 [563.3333  634.3333 ]
 [577.3333  651.6667 ]
 [546.      645.6667 ]
 [518.      643.     ]
 [530.6667  626.3333 ]
 [518.6667  596.3333 ]
 [481.33334 656.3333 ]
 [477.33334 623.     ]
 [500.      622.3333 ]
 [482.66666 604.3333 ]
 [491.33334 589.6667 ]
 [627.      612.5    ]
 [607.      606.     ]]"
d553,d553,d,"[[502.      513.3333 ]
 [485.33334 503.33334]
 [462.      481.33334]
 [430.66666 491.33334]
 [436.66666 514.6667 ]
 [468.66666 537.3333 ]
 [485.33334 531.3333 ]
 [470.      512.6667 ]
 [502.      542.     ]
 [468.      567.3333 ]
 [488.      596.     ]
 [486.      616.6667 ]]"
d522,d522,d,"[[768.  487. ]
 [765.  511. ]
 [787.  509. ]
 [787.  532. ]
 [788.  559. ]
 [745.  510. ]
 [725.  523. ]
 [691.  528. ]
 [709.  549. ]
 [696.  572. ]
 [714.  595. ]
 [712.  627. ]
 [677.  601. ]
 [661.  571. ]
 [657.  585. ]
 [632.  582. ]
 [584.  580. ]
 [561.  563. ]
 [579.  540. ]
 [533.  528. ]
 [534.  498. ]
 [517.  509. ]
 [497.  516. ]
 [487.  485. ]
 [473.  493. ]
 [471.  467. ]
 [439.  510. ]
 [448.  468. ]
 [511.  578. ]
 [625.  529. ]
 [651.  539. ]
 [670.  630. ]
 [627.  605. ]
 [668.  528.5]
 [747.  525. ]
 [731.  492.5]
 [705.5 506. ]
 [777.5 467. ]
 [797.5 484. ]
 [746.5 472.5]
 [807.  479. ]
 [507.  481.5]
 [472.  513. ]
 [489.5 558.5]
 [523.  553.5]
 [514.5 534.5]]"
e29,e29,e,"[[584.  554. ]
 [606.5 554. ]
 [623.5 557. ]
 [623.  574.5]
 [644.  580. ]
 [642.5 556.5]
 [620.5 525. ]
 [642.  503.5]
 [662.  520.5]
 [684.5 541. ]
 [708.5 527. ]
 [701.  529.5]
 [672.  504. ]
 [658.  486. ]
 [672.5 470.5]
 [669.  450. ]
 [711.  475. ]
 [715.  499. ]
 [727.5 475. ]
 [747.5 491.5]
 [752.  468.5]
 [753.  456. ]
 [764.  451. ]
 [760.  439. ]
 [729.  455. ]
 [712.5 443.5]
 [717.  424. ]
 [689.  430.5]
 [713.5 402. ]
 [667.5 414.5]
 [676.5 401. ]
 [696.5 385.5]
 [678.  381. ]
 [660.  405.5]
 [649.  421.5]
 [694.  453.5]
 [758.  499.5]
 [647.5 538. ]
 [680.  548. ]]"
v230,v230,v,"[[577.3333 595.    ]
 [598.     595.    ]
 [616.     583.    ]
 [640.6667 584.3333]
 [542.     590.3333]
 [616.     632.3333]
 [629.3333 613.6667]
 [650.     627.    ]
 [662.     605.    ]
 [666.     625.    ]
 [686.     617.6667]
 [663.3333 649.    ]
 [680.6667 659.    ]
 [695.3333 682.3333]
 [702.6667 660.3333]
 [722.     654.3333]
 [705.3333 617.6667]
 [661.3333 689.6667]
 [693.5    604.    ]
 [682.     601.    ]
 [668.5    586.    ]
 [708.5    634.    ]
 [585.     620.5   ]
 [639.5    638.    ]]"
d541,d541,d,"[[399.66666 364.     ]
 [413.      344.     ]
 [425.      332.     ]
 [434.33334 364.     ]
 [449.      342.66666]
 [475.66666 412.     ]
 [463.66666 430.66666]
 [478.33334 456.     ]
 [482.33334 488.     ]
 [503.66666 506.66666]
 [511.66666 465.33334]
 [522.3333  440.     ]
 [533.      425.33334]
 [543.6667  412.     ]
 [531.6667  405.33334]
 [517.      396.     ]
 [509.      372.     ]
 [495.66666 410.66666]
 [545.      390.66666]
 [570.3333  397.33334]
 [567.6667  412.     ]
 [583.6667  421.33334]
 [569.      452.     ]
 [590.3333  446.66666]
 [590.3333  478.66666]
 [611.6667  465.33334]
 [615.6667  448.     ]
 [630.3333  462.66666]
 [637.      444.     ]
 [638.3333  422.66666]
 [625.      424.     ]
 [603.6667  409.33334]
 [634.3333  357.33334]
 [634.3333  338.66666]
 [669.      365.33334]
 [651.6667  396.     ]
 [674.3333  393.33334]
 [697.      406.66666]
 [681.      461.33334]
 [671.6667  478.66666]
 [653.      482.66666]
 [623.6667  486.66666]
 [626.3333  502.66666]
 [625.      516.     ]
 [646.3333  533.3333 ]
 [654.3333  514.6667 ]
 [707.6667  466.66666]
 [699.6667  438.66666]
 [671.6667  553.3333 ]
 [682.3333  561.3333 ]
 [701.      550.6667 ]
 [671.6667  585.3333 ]
 [629.      550.6667 ]
 [622.3333  580.     ]
 [605.      556.     ]
 [587.6667  544.     ]
 [573.      540.     ]
 [571.6667  518.6667 ]
 [551.6667  522.6667 ]
 [541.      500.     ]
 [583.6667  569.3333 ]]"
e176,e176,e,"[[670.      345.66666]
 [688.      389.66666]
 [663.6667  393.33334]
 [646.3333  368.33334]
 [644.3333  347.     ]
 [628.      338.66666]
 [619.3333  363.     ]
 [620.3333  380.33334]
 [596.6667  367.33334]
 [591.3333  332.     ]
 [566.      330.66666]
 [555.6667  306.33334]
 [552.3333  286.33334]
 [535.      314.33334]
 [551.      377.     ]
 [538.6667  416.     ]
 [525.      436.     ]
 [607.3333  311.66666]
 [655.3333  381.33334]
 [676.3333  382.33334]
 [577.      382.66666]]"
v3,v3,v,"[[454.      680.5    ]
 [431.      685.     ]
 [415.5     673.     ]
 [335.5     541.     ]
 [347.      605.     ]
 [330.5     605.     ]
 [422.5     650.5    ]
 [434.      637.5    ]
 [402.      637.5    ]
 [405.5     656.5    ]
 [398.      621.5    ]
 [346.      574.     ]
 [363.      611.5    ]
 [394.5     584.5    ]
 [378.      574.6667 ]
 [385.33334 612.6667 ]
 [382.66666 600.6667 ]
 [396.      602.     ]
 [410.75    617.75   ]
 [363.      642.75   ]
 [357.      582.75   ]
 [359.      569.     ]
 [343.5     626.75   ]]"
d1909,d1909,d,"[[592.3333  598.3333 ]
 [609.6667  553.6667 ]
 [637.      524.3333 ]
 [582.3333  515.6667 ]
 [599.6667  520.3333 ]
 [599.6667  533.6667 ]
 [615.6667  509.66666]
 [600.3333  486.33334]
 [615.6667  474.33334]
 [618.3333  494.33334]
 [653.      506.33334]
 [662.3333  487.     ]
 [683.      481.     ]
 [659.6667  475.     ]
 [648.3333  475.66666]
 [694.3333  466.33334]
 [732.3333  474.33334]
 [748.3333  483.     ]
 [757.6667  507.66666]]"
e243a,e243a,e,"[[461.66666 344.     ]
 [462.33334 367.     ]
 [464.66666 381.66666]
 [481.66666 395.66666]
 [441.33334 365.33334]
 [426.33334 381.33334]
 [433.      311.33334]
 [450.33334 316.     ]
 [445.66666 334.     ]
 [429.      329.     ]
 [459.66666 406.33334]
 [462.      435.     ]
 [448.33334 420.66666]
 [502.66666 429.33334]
 [494.66666 412.33334]
 [492.33334 452.66666]
 [466.      452.33334]
 [475.66666 470.33334]
 [474.66666 488.66666]
 [460.      478.     ]
 [460.33334 503.     ]
 [485.66666 513.3333 ]
 [461.66666 533.     ]
 [448.66666 517.6667 ]
 [508.      484.     ]
 [551.3333  511.66666]
 [431.66666 464.33334]
 [442.      440.33334]
 [433.66666 426.66666]
 [414.66666 428.33334]
 [415.      454.66666]
 [431.66666 486.33334]
 [398.33334 465.     ]
 [418.      400.33334]
 [533.      481.     ]
 [546.6667  494.33334]]"
e2730,e2730,e,"[[690.6667  473.66666]
 [675.3333  469.66666]
 [674.3333  449.66666]
 [645.6667  450.66666]
 [668.      495.66666]
 [655.      515.6667 ]
 [688.      538.6667 ]
 [673.3333  537.6667 ]
 [669.6667  560.     ]
 [686.      567.6667 ]
 [713.      510.66666]
 [729.      493.66666]
 [791.      531.3333 ]
 [756.3333  501.33334]
 [768.6667  515.6667 ]
 [689.75    501.75   ]
 [737.6667  520.3333 ]
 [722.6667  472.33334]
 [714.6667  488.     ]]"
e35a,e35a,e,"[[570.5 488.5]
 [581.5 494. ]
 [602.5 496. ]
 [622.5 496. ]
 [650.  500.5]
 [640.  521.5]
 [643.  476. ]
 [647.5 455. ]
 [615.  477.5]
 [618.5 457.5]
 [598.5 451.5]
 [598.  470.5]
 [575.5 469. ]
 [545.  462.5]
 [505.  461.5]
 [484.5 453.5]
 [486.  427. ]
 [500.5 439. ]
 [529.  429.5]
 [512.5 416. ]
 [535.5 408. ]
 [570.  412. ]
 [559.  412. ]
 [562.  431.5]
 [544.5 442.5]
 [576.5 444.5]
 [605.  445.5]
 [671.5 484. ]
 [476.  473. ]
 [594.  431.5]]"
v1410,v1410,v,"[[743.  467. ]
 [711.5 489. ]
 [701.  467. ]
 [684.  491.5]
 [674.  520. ]
 [684.5 532.5]
 [704.  531.5]
 [718.  537.5]
 [707.5 557. ]
 [689.  572.5]
 [684.5 549. ]
 [684.5 596. ]
 [665.5 601. ]
 [665.5 575. ]
 [664.  559.5]
 [643.5 549. ]
 [643.  576.5]
 [625.  556.5]
 [622.  583.5]
 [615.  605.5]
 [591.5 608. ]
 [632.  517. ]
 [627.  650.5]
 [642.5 653.5]
 [656.5 622.5]
 [632.5 672.5]
 [608.5 665. ]
 [600.  650.5]
 [593.  689.5]
 [619.5 700.5]
 [623.  720. ]
 [586.5 706.5]
 [577.5 721.5]
 [552.5 713.5]
 [536.  694.5]
 [538.5 670. ]
 [566.5 668. ]
 [529.  714.5]
 [508.5 694.5]
 [609.  536. ]
 [736.  487.5]]"
e78a,e78a,e,"[[726.      466.5    ]
 [723.      487.5    ]
 [742.5     486.     ]
 [740.5     509.5    ]
 [682.      501.     ]
 [667.      515.     ]
 [662.5     535.     ]
 [644.5     524.     ]
 [692.      520.     ]
 [707.      533.     ]
 [717.      549.5    ]
 [729.      530.5    ]
 [674.5     559.     ]
 [650.      595.5    ]
 [676.      579.     ]
 [649.5     624.5    ]
 [640.5     665.     ]
 [646.      647.     ]
 [668.      631.5    ]
 [666.      655.5    ]
 [690.5     624.5    ]
 [685.5     642.5    ]
 [711.5     647.     ]
 [700.5     656.     ]
 [717.      593.5    ]
 [727.      621.     ]
 [740.      639.     ]
 [759.      660.5    ]
 [761.      640.     ]
 [747.      595.5    ]
 [793.5     598.5    ]
 [772.5     586.     ]
 [773.      614.     ]
 [794.5     570.5    ]
 [791.5     556.     ]
 [814.5     557.     ]
 [785.      523.     ]
 [800.5     534.     ]
 [792.5     498.     ]
 [814.5     495.5    ]
 [768.5     507.     ]
 [753.      618.6667 ]
 [706.3333  504.66666]
 [778.3333  486.     ]
 [749.6667  560.     ]
 [760.3333  550.     ]
 [757.      504.66666]
 [679.3333  600.3333 ]
 [699.      596.3333 ]
 [695.3333  570.     ]
 [701.6667  480.     ]
 [690.6667  468.     ]
 [772.6667  558.     ]
 [767.6667  576.     ]
 [783.3333  632.6667 ]
 [625.6667  626.6667 ]
 [628.6667  602.3333 ]
 [626.3333  582.     ]
 [628.6667  551.6667 ]
 [662.6667  497.33334]
 [653.      556.     ]
 [651.6667  579.6667 ]
 [672.6667  477.33334]
 [755.3333  456.33334]
 [774.      472.33334]]"
e2870,e2870,e,"[[680.5    439.    ]
 [666.     425.5   ]
 [656.     454.5   ]
 [634.5    457.5   ]
 [609.     473.5   ]
 [612.5    491.5   ]
 [604.5    507.5   ]
 [593.5    493.    ]
 [650.5    480.    ]
 [632.     477.    ]
 [648.     521.5   ]
 [663.     496.5   ]
 [697.5    473.    ]
 [713.     450.5   ]
 [736.     464.    ]
 [632.     501.    ]
 [617.5    550.    ]
 [601.3333 571.    ]
 [614.     583.6667]
 [604.     605.6667]
 [582.     601.6667]
 [557.3333 561.6667]
 [557.3333 542.3333]
 [542.     581.6667]
 [557.3333 587.    ]
 [545.3333 602.3333]
 [560.6667 603.6667]
 [568.6667 618.3333]
 [555.3333 631.    ]
 [586.6667 624.3333]
 [610.     628.3333]
 [583.3333 573.6667]]"
e4082,e4082,e,"[[644.      402.     ]
 [595.      548.     ]
 [610.      339.     ]
 [757.      337.     ]
 [743.6667  361.     ]
 [759.6667  373.     ]
 [773.      355.66666]
 [733.      330.33334]
 [703.6667  337.     ]
 [695.6667  299.66666]
 [669.3333  287.66666]
 [613.      233.     ]
 [581.      233.     ]
 [567.6667  243.66667]
 [582.3333  265.     ]
 [570.3333  285.     ]
 [551.6667  301.     ]
 [526.3333  282.33334]
 [527.6667  266.33334]
 [495.66666 245.     ]
 [487.66666 269.     ]
 [478.33334 285.     ]
 [509.      301.     ]
 [533.      321.     ]
 [524.6667  344.33334]
 [509.      334.33334]
 [527.6667  377.     ]
 [547.6667  375.66666]
 [547.6667  390.33334]
 [527.6667  425.     ]
 [531.6667  443.66666]
 [561.      451.66666]
 [578.3333  469.     ]
 [583.6667  485.     ]
 [598.3333  457.     ]
 [599.6667  509.     ]
 [594.3333  526.3333 ]
 [571.6667  509.     ]
 [577.      546.3333 ]
 [559.6667  494.33334]
 [621.      518.3333 ]
 [635.6667  505.     ]
 [643.3333  487.     ]
 [622.3333  485.     ]
 [630.3333  467.66666]
 [659.3333  500.33334]
 [647.6667  529.     ]
 [631.6667  565.     ]
 [615.6667  558.3333 ]
 [601.      574.3333 ]
 [624.      591.6666 ]
 [650.3333  606.3333 ]
 [605.      618.3333 ]
 [639.6667  625.     ]
 [626.6667  663.6666 ]
 [638.3333  650.3333 ]
 [629.      443.66666]
 [618.3333  421.     ]
 [625.      401.     ]
 [606.3333  393.     ]
 [618.3333  377.     ]
 [591.6667  379.66666]
 [594.3333  361.     ]
 [587.6667  342.33334]
 [575.6667  322.33334]
 [567.6667  354.33334]
 [578.3333  401.     ]
 [569.      414.33334]
 [601.      427.66666]
 [610.3333  313.     ]
 [605.      291.66666]
 [634.3333  299.66666]
 [629.      321.     ]
 [642.3333  383.66666]
 [649.      367.66666]
 [674.3333  350.33334]
 [667.6667  329.     ]
 [683.6667  374.33334]
 [666.3333  385.     ]
 [669.      407.66666]
 [657.      427.66666]
 [666.3333  441.     ]
 [691.6667  423.66666]
 [706.3333  373.     ]
 [726.3333  385.     ]
 [737.      430.33334]
 [717.      434.33334]]"
v4136,v4136,v,"[[380. 434.]
 [383. 416.]
 [385. 401.]
 [355. 428.]
 [346. 411.]
 [345. 447.]
 [320. 458.]
 [300. 439.]
 [281. 427.]
 [278. 457.]
 [288. 474.]
 [256. 488.]
 [241. 472.]
 [228. 509.]
 [232. 492.]
 [209. 526.]
 [186. 561.]
 [219. 556.]
 [216. 588.]
 [233. 581.]
 [244. 599.]
 [243. 627.]
 [252. 638.]
 [276. 623.]
 [274. 644.]
 [297. 638.]
 [316. 624.]
 [301. 595.]
 [315. 578.]
 [301. 562.]
 [309. 541.]
 [285. 512.]
 [277. 537.]
 [261. 527.]
 [258. 560.]
 [278. 578.]
 [339. 558.]
 [359. 568.]
 [348. 583.]
 [362. 595.]
 [385. 551.]
 [397. 530.]
 [378. 480.]
 [360. 473.]
 [329. 477.]
 [308. 477.]
 [355. 639.]
 [336. 635.]
 [334. 653.]
 [372. 644.]]"
e178a,e178a,e,"[[872.  350. ]
 [856.  353.5]
 [848.  376. ]
 [847.5 391.5]
 [851.5 407.5]
 [868.  374. ]
 [879.5 383. ]
 [891.  372. ]
 [910.5 341. ]
 [913.  388.5]
 [921.  401.5]
 [916.5 422. ]
 [935.  438.5]
 [899.5 417.5]
 [893.  394. ]
 [861.5 420. ]
 [860.5 444.5]
 [871.  459.5]
 [889.  450.5]
 [910.5 457.5]
 [886.  474. ]
 [872.  490.5]
 [855.5 471.5]
 [841.5 459.5]
 [842.5 428.5]
 [832.  440. ]]"
e44,e44,e,"[[599.6667  307.33334]
 [595.6667  284.     ]
 [599.      325.33334]
 [609.6667  338.66666]
 [600.3333  355.33334]
 [587.      368.66666]
 [624.3333  351.33334]
 [640.3333  336.     ]
 [699.      350.66666]
 [655.6667  350.66666]
 [637.      364.     ]
 [649.6667  380.     ]
 [647.      398.66666]
 [668.3333  396.66666]
 [682.3333  402.     ]
 [694.3333  375.33334]
 [725.      368.     ]
 [707.6667  379.33334]
 [732.3333  404.66666]
 [748.3333  401.33334]
 [743.6667  423.33334]
 [778.3333  427.33334]
 [762.3333  441.33334]
 [746.3333  446.     ]
 [710.3333  432.     ]
 [690.3333  432.     ]
 [550.3333  276.66666]
 [607.6667  370.     ]
 [688.3333  334.66666]
 [581.6667  339.33334]
 [623.      290.66666]
 [675.      377.5    ]
 [616.6667  320.33334]
 [664.      334.     ]
 [708.3333  361.33334]
 [748.3333  411.33334]]"
e178,e178,e,"[[712.5 511.5]
 [710.  537.5]
 [689.5 532.5]
 [761.5 518. ]
 [778.  542. ]
 [758.5 559. ]
 [772.5 578. ]
 [796.  570.5]
 [763.  593.5]
 [751.  576. ]
 [729.  569. ]
 [716.5 588. ]
 [722.5 618.5]
 [706.5 607.5]
 [689.  610. ]
 [608.5 618.5]
 [604.  644.5]
 [609.  672.5]
 [620.5 692.5]
 [655.  666. ]
 [675.  650. ]
 [696.5 661.5]
 [658.5 692. ]
 [618.  713.5]
 [631.  733. ]
 [737.5 597.5]
 [648.5 629. ]]"
e218,e218,e,"[[728.5 366. ]
 [732.  390. ]
 [746.  404.5]
 [735.5 412.5]
 [733.  430. ]
 [752.5 421.5]
 [778.  417. ]
 [787.  405.5]
 [784.  386. ]
 [759.5 387.5]
 [769.5 439. ]
 [789.5 448. ]
 [782.5 477.5]
 [773.  501.5]
 [762.  465. ]
 [747.  470.5]
 [724.  444.5]
 [725.  455.5]
 [704.  452.5]
 [711.  435. ]
 [720.5 401.5]
 [708.  405.5]
 [693.  423.5]
 [672.  433. ]
 [685.  445.5]
 [693.  465. ]
 [669.  455.5]
 [673.  476.5]
 [682.5 498.5]
 [697.5 487. ]
 [711.  472.5]
 [730.  485.5]
 [718.5 498.5]
 [725.  521.5]
 [741.5 506.5]
 [746.5 530. ]
 [741.  545.5]
 [717.  552. ]
 [724.5 534. ]
 [700.5 533.5]
 [685.5 528. ]
 [690.  553.5]
 [672.5 545. ]
 [681.  575. ]
 [699.  572.5]
 [703.  561. ]
 [664.  528. ]
 [664.5 497. ]
 [649.  481.5]
 [652.5 468. ]
 [646.  506. ]
 [635.  525. ]
 [625.  507. ]
 [611.  523.5]
 [587.5 534. ]
 [596.5 522. ]
 [605.5 543. ]
 [620.5 543.5]
 [634.  540. ]
 [617.  570. ]
 [591.  559. ]
 [561.5 559.5]
 [576.  568. ]
 [648.  552.5]
 [657.  575.5]
 [693.  395.5]
 [702.5 511.5]]"
v1078,v1078,v,"[[559.5     498.     ]
 [559.      479.5    ]
 [546.5     461.5    ]
 [549.5     439.5    ]
 [516.      476.     ]
 [533.      498.5    ]
 [515.      521.     ]
 [512.5     541.     ]
 [521.      559.     ]
 [548.      542.     ]
 [581.5     533.     ]
 [595.      548.     ]
 [616.5     559.5    ]
 [565.      553.     ]
 [537.      567.     ]
 [540.      610.     ]
 [523.5     596.     ]
 [563.      601.     ]
 [531.5     652.5    ]
 [572.5     713.5    ]
 [564.      692.     ]
 [552.5     728.     ]
 [503.5     645.5    ]
 [484.5     630.     ]
 [480.      608.5    ]
 [502.5     581.5    ]
 [496.      554.5    ]
 [482.      581.     ]
 [483.5     520.5    ]
 [462.      504.5    ]
 [436.5     496.     ]
 [439.5     516.     ]
 [409.5     508.     ]
 [390.      521.     ]
 [348.      530.5    ]
 [344.      569.     ]
 [338.      580.     ]
 [331.5     609.     ]
 [366.5     605.5    ]
 [373.5     585.     ]
 [368.      565.5    ]
 [403.5     590.     ]
 [392.      567.     ]
 [426.5     550.5    ]
 [432.5     572.     ]
 [453.5     574.     ]
 [467.      555.     ]
 [426.      613.5    ]
 [423.      631.5    ]
 [441.      633.5    ]
 [403.      621.5    ]
 [381.      621.5    ]
 [464.      624.     ]
 [456.66666 595.3333 ]
 [466.5     648.     ]
 [504.5     668.5    ]
 [531.5     689.5    ]]"
e4059,e4059,e,"[[325.      285.     ]
 [340.      306.     ]
 [343.      279.     ]
 [310.      305.     ]
 [293.      341.     ]
 [311.      353.     ]
 [279.      350.     ]
 [271.      381.     ]
 [290.      399.     ]
 [266.      404.     ]
 [308.      415.     ]
 [268.      451.     ]
 [250.      456.     ]
 [233.      463.     ]
 [212.      453.     ]
 [207.      423.     ]
 [197.      433.     ]
 [170.      427.     ]
 [182.      419.     ]
 [160.      431.     ]
 [140.      445.     ]
 [152.      465.     ]
 [165.      451.     ]
 [131.      471.     ]
 [163.      525.     ]
 [155.      554.     ]
 [173.      579.     ]
 [178.      555.     ]
 [225.      551.     ]
 [216.      525.     ]
 [241.      517.     ]
 [236.      499.     ]
 [197.      486.     ]
 [273.      504.     ]
 [276.      484.     ]
 [304.      520.     ]
 [334.      527.     ]
 [349.      497.     ]
 [352.      470.     ]
 [378.      469.     ]
 [378.      446.     ]
 [350.      449.     ]
 [406.      478.     ]
 [382.      499.     ]
 [484.      526.     ]
 [512.      529.     ]
 [509.      506.     ]
 [248.66666 392.     ]]"
d1001c,d1001c,d,"[[ 446.33334 2782.     ]
 [ 459.66666 2792.     ]
 [ 455.      2812.     ]
 [ 416.33334 2804.     ]
 [ 422.33334 2813.3333 ]
 [ 417.      2844.6667 ]
 [ 430.33334 2886.     ]
 [ 473.66666 2868.     ]
 [ 473.      2835.3333 ]
 [ 485.66666 2892.     ]
 [ 483.      2924.     ]
 [ 433.66666 2939.3333 ]
 [ 491.66666 2942.6667 ]]"
v6001,v6001,v,"[[2152. 1036.]
 [2086. 1036.]
 [2158. 1096.]
 [2130. 1074.]
 [2014. 1084.]
 [2188. 1126.]
 [2242. 1102.]
 [2242. 1062.]
 [2238. 1150.]
 [2200. 1166.]
 [2178. 1190.]
 [2152. 1198.]
 [2142. 1234.]
 [2174. 1240.]
 [2152. 1276.]
 [2258. 1298.]
 [2244. 1358.]
 [2260. 1390.]
 [2246. 1424.]
 [2210. 1398.]
 [2180. 1434.]
 [2214. 1458.]
 [2260. 1486.]
 [2186. 1500.]
 [2204. 1516.]
 [2232. 1574.]
 [2196. 1554.]
 [2162. 1538.]
 [2140. 1570.]
 [2110. 1532.]
 [2108. 1504.]
 [2098. 1468.]
 [2112. 1598.]
 [2092. 1664.]
 [2128. 1680.]
 [2124. 1714.]
 [2152. 1734.]
 [2164. 1678.]
 [2188. 1648.]
 [2072. 1688.]
 [2034. 1734.]
 [2000. 1704.]
 [1980. 1728.]
 [1948. 1630.]
 [1964. 1616.]
 [1906. 1608.]
 [1914. 1568.]
 [1912. 1534.]
 [1874. 1498.]
 [1860. 1456.]
 [1868. 1422.]
 [1862. 1390.]
 [1820. 1452.]
 [1804. 1400.]
 [1792. 1436.]
 [1756. 1424.]
 [1814. 1484.]
 [1846. 1504.]
 [1870. 1538.]
 [1878. 1582.]
 [1976. 1550.]
 [2010. 1526.]
 [1994. 1488.]
 [1956. 1470.]
 [1978. 1430.]
 [2042. 1478.]
 [2066. 1530.]
 [2066. 1494.]
 [2040. 1388.]
 [2036. 1336.]
 [2104. 1364.]
 [2146. 1358.]
 [2066. 1238.]
 [2092. 1222.]
 [2100. 1284.]
 [2066. 1276.]
 [2034. 1258.]
 [2042. 1288.]
 [2016. 1212.]
 [2024. 1184.]
 [1998. 1144.]
 [2024. 1134.]
 [2050. 1136.]
 [2082. 1148.]
 [1936. 1086.]
 [1892. 1146.]
 [1850. 1162.]
 [1868. 1202.]
 [1848. 1220.]
 [1866. 1258.]
 [1896. 1252.]
 [1918. 1222.]
 [1948. 1256.]
 [1974. 1244.]
 [1900. 1284.]
 [1928. 1318.]
 [1964. 1332.]
 [1986. 1320.]
 [1994. 1364.]
 [1940. 1380.]
 [1884. 1322.]
 [1862. 1300.]
 [1862. 1334.]
 [1818. 1356.]]"
v760,v760,v,"[[516.      468.     ]
 [506.      457.33334]
 [490.66666 476.     ]
 [478.      460.66666]
 [473.33334 439.33334]
 [506.      518.     ]
 [520.6667  505.33334]
 [546.6667  502.     ]
 [530.      524.     ]
 [484.66666 517.3333 ]
 [487.33334 540.     ]
 [513.3333  543.3333 ]
 [536.      552.     ]
 [554.      538.     ]
 [574.6667  521.3333 ]
 [558.6667  565.3333 ]
 [556.6667  577.3333 ]
 [528.      591.3333 ]
 [528.6667  608.6667 ]
 [546.      622.6667 ]
 [598.      566.     ]
 [598.6667  538.6667 ]
 [618.      525.3333 ]
 [640.      536.6667 ]
 [626.      562.6667 ]
 [612.6667  577.3333 ]
 [616.6667  602.6667 ]
 [618.      624.     ]
 [595.3333  609.3333 ]
 [642.6667  574.     ]
 [668.      573.3333 ]
 [669.3333  598.6667 ]
 [688.6667  601.3333 ]
 [684.      622.     ]
 [650.      614.6667 ]
 [652.      660.     ]
 [679.3333  664.6667 ]
 [598.6667  632.6667 ]
 [594.6667  640.     ]
 [573.3333  625.3333 ]
 [562.6667  636.6667 ]
 [716.6667  651.3333 ]
 [714.6667  636.6667 ]
 [664.      540.     ]
 [586.6667  589.3333 ]
 [575.3333  578.     ]
 [640.      633.3333 ]
 [462.      417.66666]
 [492.66666 391.     ]
 [472.66666 389.     ]
 [471.33334 365.     ]
 [547.3333  590.3333 ]
 [520.6667  573.     ]]"
e4036,e4036,e,"[[653.      471.66666]
 [630.3333  467.     ]
 [624.3333  452.33334]
 [610.3333  459.66666]
 [577.6667  466.33334]
 [559.6667  477.66666]
 [546.3333  501.     ]
 [522.3333  492.33334]
 [514.3333  521.     ]
 [509.      553.6667 ]
 [519.6667  577.     ]
 [530.3333  604.3333 ]
 [527.6667  549.6667 ]
 [535.6667  527.     ]
 [554.3333  527.     ]
 [573.6667  529.     ]
 [603.      543.6667 ]
 [581.      552.3333 ]
 [555.      542.3333 ]
 [595.      497.     ]
 [629.6667  526.3333 ]
 [629.      543.6667 ]
 [582.3333  579.6667 ]
 [609.      576.3333 ]
 [563.6667  595.6667 ]
 [552.3333  614.3333 ]
 [577.      624.3333 ]
 [583.6667  602.3333 ]
 [620.3333  615.6667 ]
 [599.6667  655.6667 ]
 [596.3333  635.6667 ]
 [618.3333  687.6667 ]
 [643.      675.6667 ]
 [666.3333  666.3333 ]
 [683.6667  659.6667 ]
 [703.6667  653.6667 ]
 [723.      681.     ]
 [702.3333  677.     ]
 [713.6667  701.6667 ]
 [683.6667  616.3333 ]
 [709.      625.     ]
 [681.      572.3333 ]
 [663.      566.3333 ]
 [665.      587.6667 ]
 [658.3333  611.     ]
 [639.6667  603.6667 ]
 [668.3333  531.     ]
 [672.3333  513.6667 ]
 [633.      641.5    ]]"
v17,v17,v,"[[632.6667  419.33334]
 [634.6667  400.66666]
 [638.      380.66666]
 [654.      368.66666]
 [672.6667  386.     ]
 [674.      361.33334]
 [692.6667  383.33334]
 [707.3333  402.     ]
 [601.3333  414.66666]
 [592.6667  448.66666]
 [594.      468.     ]
 [552.6667  445.33334]
 [628.6667  476.     ]
 [642.6667  496.     ]
 [664.6667  526.     ]
 [798.6667  505.33334]
 [791.3333  565.3333 ]
 [778.      554.     ]
 [719.3333  604.6667 ]
 [700.      596.     ]
 [697.3333  613.3333 ]
 [582.6667  417.33334]
 [602.      390.     ]
 [582.6667  496.     ]
 [567.3333  464.     ]
 [607.3333  528.     ]
 [624.      519.3333 ]
 [726.      386.66666]
 [666.      550.6667 ]
 [668.      582.6667 ]
 [626.      551.3333 ]
 [700.      571.3333 ]
 [722.      570.6667 ]
 [744.      569.3333 ]
 [812.6667  566.     ]
 [750.6667  582.6667 ]
 [744.      601.3333 ]
 [741.3333  619.3333 ]
 [644.6667  557.3333 ]
 [650.6667  572.6667 ]
 [780.6667  525.3333 ]
 [629.3333  616.6667 ]
 [590.6667  595.3333 ]
 [628.6667  578.6667 ]
 [593.3333  558.6667 ]
 [620.6667  595.3333 ]
 [550.5     428.5    ]
 [574.5     400.5    ]
 [678.5     564.     ]
 [722.5     588.5    ]
 [759.      630.     ]
 [612.      567.5    ]
 [550.      464.33334]]"
v1021,v1021,v,"[[623.6667  565.3333 ]
 [571.6667  528.     ]
 [571.6667  550.     ]
 [542.3333  537.3333 ]
 [464.33334 567.3333 ]
 [506.33334 562.6667 ]
 [559.6667  581.3333 ]
 [530.3333  573.3333 ]
 [542.3333  610.     ]
 [529.6667  632.     ]
 [546.3333  633.3333 ]
 [482.33334 609.3333 ]
 [501.66666 602.6667 ]
 [558.3333  650.     ]
 [571.      645.3333 ]
 [585.      638.6667 ]
 [567.6667  626.     ]
 [589.6667  622.6667 ]
 [645.6667  620.6667 ]
 [665.      620.     ]
 [664.3333  633.3333 ]
 [640.3333  657.3333 ]
 [603.      521.3333 ]
 [678.3333  604.     ]
 [665.      658.     ]
 [658.3333  683.3333 ]
 [630.3333  679.3333 ]
 [615.6667  690.6667 ]
 [611.      630.6667 ]
 [617.      596.6667 ]
 [613.6667  578.6667 ]
 [591.      656.     ]
 [619.      646.     ]
 [645.      638.     ]
 [503.66666 582.     ]
 [435.      617.3333 ]
 [556.3333  547.3333 ]
 [461.      548.6667 ]
 [623.      666.6667 ]
 [595.      679.3333 ]
 [523.6667  596.     ]
 [617.      540.     ]
 [639.      556.     ]
 [545.3333  549.     ]
 [496.66666 643.6667 ]
 [536.6667  643.6667 ]
 [541.3333  655.     ]
 [610.6667  663.6667 ]
 [604.      647.6667 ]
 [518.      647.6667 ]
 [606.6667  614.3333 ]
 [566.      611.     ]]"
e13a,e13a,e,"[[289.      576.3333 ]
 [270.      596.     ]
 [269.33334 576.3333 ]
 [251.66667 584.3333 ]
 [250.      570.6667 ]
 [231.66667 556.     ]
 [222.66667 566.6667 ]
 [197.      556.3333 ]
 [205.      573.3333 ]
 [208.66667 584.6667 ]
 [226.66667 584.3333 ]
 [218.66667 602.     ]
 [240.      602.6667 ]
 [226.66667 620.3333 ]
 [260.      618.3333 ]
 [279.66666 612.     ]
 [297.33334 621.     ]
 [282.      628.6667 ]
 [274.33334 646.     ]
 [270.66666 660.3333 ]
 [255.      647.     ]
 [246.66667 636.6667 ]
 [230.      635.6667 ]
 [212.      641.3333 ]
 [196.33333 646.3333 ]
 [208.      662.3333 ]
 [229.66667 654.6667 ]
 [262.66666 677.3333 ]
 [247.      662.     ]
 [302.66666 639.     ]
 [300.      651.3333 ]
 [303.33334 668.3333 ]
 [285.66666 669.     ]
 [317.      685.3333 ]
 [330.      673.     ]
 [320.66666 654.3333 ]
 [320.33334 639.6667 ]
 [341.66666 656.6667 ]
 [356.33334 668.3333 ]
 [365.      648.6667 ]
 [382.66666 669.     ]
 [331.66666 690.6667 ]
 [343.66666 676.     ]
 [204.33333 610.3333 ]
 [194.33333 599.6667 ]
 [210.75    621.     ]]"
e195,e195,e,"[[549.3333  160.     ]
 [508.      176.     ]
 [481.33334 190.66667]
 [478.      206.     ]
 [495.33334 207.33333]
 [500.      226.66667]
 [473.33334 234.     ]
 [468.66666 260.66666]
 [458.      305.33334]
 [488.66666 285.33334]
 [519.3333  253.33333]
 [521.3333  228.     ]
 [526.6667  197.33333]
 [541.3333  211.33333]
 [546.6667  196.66667]
 [577.3333  192.     ]
 [597.3333  205.33333]
 [620.      204.66667]
 [642.      188.66667]
 [639.3333  216.     ]
 [602.      169.33333]
 [621.3333  159.33333]
 [646.      159.33333]
 [665.3333  152.66667]
 [623.3333  241.33333]
 [598.6667  234.     ]
 [604.      256.66666]
 [613.3333  223.33333]
 [616.6667  261.33334]
 [635.3333  264.     ]
 [650.      271.33334]
 [639.3333  287.33334]
 [636.6667  274.66666]
 [660.6667  246.66667]
 [638.6667  242.66667]
 [650.6667  250.     ]
 [577.      229.5    ]
 [558.5     223.     ]
 [560.5     242.5    ]
 [555.      264.5    ]
 [535.      265.5    ]
 [540.      282.     ]
 [545.5     300.5    ]
 [515.      294.5    ]
 [564.5     309.     ]
 [563.5     285.     ]
 [576.5     269.     ]
 [571.5     254.5    ]
 [585.5     243.     ]
 [595.5     222.     ]
 [615.      279.     ]
 [604.5     185.5    ]
 [603.      284.5    ]
 [595.5     277.     ]
 [593.5     267.     ]
 [509.5     243.     ]
 [513.5     194.5    ]
 [477.5     293.5    ]
 [501.5     254.5    ]
 [488.5     245.5    ]
 [485.5     265.5    ]]"
e322,e322,e,"[[733.6667  393.     ]
 [715.6667  409.     ]
 [706.3333  396.33334]
 [677.      405.     ]
 [679.6667  419.66666]
 [663.6667  437.     ]
 [645.6667  430.33334]
 [673.6667  450.33334]
 [697.      435.66666]
 [702.3333  458.33334]
 [687.6667  469.     ]
 [675.6667  480.33334]
 [661.6667  498.33334]
 [663.      513.     ]
 [641.      493.66666]
 [656.3333  537.     ]
 [679.      525.     ]
 [683.      507.     ]
 [701.      504.33334]
 [702.3333  483.66666]
 [711.6667  470.33334]
 [720.3333  461.66666]
 [727.6667  451.     ]
 [731.6667  437.66666]
 [732.3333  417.     ]
 [747.      419.66666]
 [749.      444.33334]
 [779.6667  451.66666]
 [792.3333  424.33334]
 [771.      482.33334]
 [741.6667  488.33334]
 [719.6667  492.33334]
 [736.3333  475.     ]
 [768.3333  513.6667 ]
 [722.3333  542.3333 ]
 [697.6667  523.     ]
 [689.      545.     ]
 [704.3333  563.     ]
 [645.5     453.5    ]
 [757.      464.     ]]"
d139,d139,d,"[[1021.6667   510.33334]
 [1039.6666   498.33334]
 [1065.6666   512.3333 ]
 [ 994.3333   568.3333 ]
 [ 961.       559.     ]
 [ 960.3333   591.     ]
 [ 948.3333   577.     ]
 [ 939.       561.     ]
 [ 945.6667   541.     ]
 [ 949.       469.66666]
 [ 896.3333   487.     ]
 [ 897.6667   511.66666]
 [ 877.6667   501.66666]
 [ 915.       480.33334]
 [ 914.3333   562.3333 ]
 [ 925.6667   606.3333 ]
 [ 919.6667   637.     ]
 [ 943.       647.6667 ]
 [ 895.6667   624.3333 ]
 [ 875.       617.6667 ]
 [ 950.3333   613.     ]
 [1053.75     538.75   ]]"
e2270,e2270,e,"[[ 927.5      237.5    ]
 [ 969.       310.     ]
 [ 983.5      291.     ]
 [ 988.5      248.5    ]
 [1011.       285.     ]
 [1012.       299.5    ]
 [1008.       341.5    ]
 [1042.5      330.     ]
 [1056.5      313.     ]
 [1084.5      327.5    ]
 [1102.5      310.     ]
 [1067.       280.5    ]
 [1073.       255.5    ]
 [1019.5      254.     ]
 [ 949.5      340.5    ]
 [ 960.5      363.     ]
 [ 987.       371.     ]
 [ 999.       389.5    ]
 [1004.       364.     ]
 [ 975.       397.     ]
 [1018.5      399.     ]
 [1041.       386.     ]
 [1031.5      370.5    ]
 [1050.       365.     ]
 [1061.5      381.5    ]
 [1088.5      356.5    ]
 [1099.5      351.     ]
 [1100.5      372.     ]
 [1085.       380.     ]
 [1101.       393.5    ]
 [1123.5      391.     ]
 [1131.5      366.5    ]
 [1131.5      344.5    ]
 [1177.5      410.     ]
 [1194.       431.5    ]
 [1155.       431.5    ]
 [ 948.       395.5    ]
 [1143.3334   408.66666]
 [1163.3334   388.66666]
 [1173.3334   437.33334]
 [1044.6666   297.33334]
 [1036.6666   308.66666]
 [1038.       402.     ]
 [ 977.3333   385.33334]
 [ 963.3333   384.     ]
 [ 946.5      248.5    ]]"
e253,e253,e,"[[665.5 503.5]
 [637.  531.5]
 [641.5 554. ]
 [615.  548.5]
 [658.  566. ]
 [658.5 585.5]
 [683.5 583.5]
 [647.5 606.5]
 [643.5 585. ]
 [612.  574.5]
 [593.5 573.5]
 [584.5 559.5]
 [552.  557.5]
 [542.  547.5]
 [558.  525. ]
 [570.  503. ]
 [561.  485. ]
 [586.  486. ]
 [561.5 460. ]
 [537.5 466.5]
 [548.  441. ]
 [579.5 443.5]
 [597.5 444. ]
 [588.5 416.5]
 [627.5 453.5]
 [680.  546. ]
 [600.5 551. ]
 [594.  471.5]
 [579.5 522. ]
 [621.5 512.5]]"
e330,e330,e,"[[602.      449.33334]
 [617.3333  475.33334]
 [638.6667  470.     ]
 [636.      490.     ]
 [632.      469.33334]
 [616.      487.33334]
 [600.      472.     ]
 [580.6667  473.33334]
 [556.6667  467.33334]
 [563.3333  456.     ]
 [553.3333  448.     ]
 [566.      486.     ]
 [588.6667  494.66666]
 [584.      516.     ]
 [604.      514.6667 ]
 [624.6667  526.6667 ]
 [587.3333  542.6667 ]
 [587.3333  562.     ]
 [588.6667  592.     ]
 [590.6667  610.6667 ]
 [574.      620.6667 ]
 [603.3333  580.6667 ]
 [624.6667  589.3333 ]
 [641.3333  580.     ]
 [643.3333  558.     ]
 [625.3333  550.     ]
 [621.3333  570.6667 ]
 [626.      614.     ]
 [640.6667  602.6667 ]
 [662.      608.6667 ]
 [663.3333  584.6667 ]
 [683.3333  594.6667 ]
 [668.      562.     ]
 [677.3333  554.6667 ]
 [692.6667  542.     ]
 [678.6667  581.3333 ]
 [661.3333  544.6667 ]
 [662.6667  524.     ]
 [674.6667  513.3333 ]
 [644.      534.     ]
 [655.3333  502.     ]
 [655.3333  490.66666]
 [604.      532.5    ]
 [602.5     562.     ]]"
e187,e187,e,"[[816.6667  410.33334]
 [834.6667  395.     ]
 [857.3333  430.33334]
 [796.      405.66666]
 [773.3333  401.     ]
 [770.      375.66666]
 [796.      367.     ]
 [756.6667  361.66666]
 [740.6667  360.33334]
 [727.3333  375.     ]
 [752.6667  400.33334]
 [743.3333  431.     ]
 [734.6667  448.33334]
 [720.      440.33334]
 [718.6667  421.66666]
 [763.3333  467.66666]
 [783.3333  467.     ]
 [799.3333  471.66666]
 [773.3333  451.     ]
 [773.3333  481.66666]
 [751.3333  451.     ]
 [767.3333  435.     ]
 [784.6667  427.     ]
 [792.      499.66666]
 [766.      497.66666]
 [748.      469.     ]
 [742.6667  494.33334]
 [723.3333  467.     ]
 [702.6667  440.33334]
 [689.3333  428.33334]
 [671.3333  432.33334]
 [664.      463.     ]
 [710.      402.33334]
 [733.3333  410.33334]
 [728.6667  389.     ]
 [746.6667  380.33334]
 [740.      391.66666]]"
e206c,e206c,e,"[[845.5 636.5]
 [839.5 618. ]
 [828.  605. ]
 [829.5 582.5]
 [845.  575. ]
 [833.  562. ]
 [850.  546.5]
 [834.  534.5]
 [820.5 544.5]
 [823.  522. ]
 [807.5 518. ]
 [810.5 533.5]
 [809.  558. ]
 [819.  570.5]
 [809.  589. ]
 [794.  553. ]
 [798.5 592.5]
 [784.  595.5]
 [765.  593. ]
 [758.5 613.5]
 [767.  634. ]
 [773.5 612. ]
 [789.  614.5]
 [803.5 610.5]
 [811.  620.5]
 [818.5 607.5]
 [809.  635. ]
 [785.5 636. ]
 [796.5 651. ]
 [809.5 648.5]]"
v590,v590,v,"[[507.5     422.     ]
 [483.5     413.     ]
 [528.5     417.5    ]
 [529.5     398.5    ]
 [551.5     382.5    ]
 [576.5     402.5    ]
 [569.5     433.     ]
 [540.5     470.5    ]
 [542.      488.5    ]
 [530.      458.     ]
 [512.5     467.     ]
 [491.      461.5    ]
 [480.      450.5    ]
 [505.      435.5    ]
 [485.5     430.     ]
 [439.5     432.5    ]
 [440.      451.5    ]
 [428.5     473.     ]
 [443.5     483.5    ]
 [449.      467.     ]
 [430.      493.5    ]
 [420.      509.     ]
 [404.5     523.     ]
 [412.5     553.     ]
 [446.5     539.5    ]
 [441.      516.     ]
 [460.5     517.     ]
 [456.5     502.5    ]
 [467.      485.     ]
 [491.      481.5    ]
 [499.      499.5    ]
 [506.5     478.     ]
 [494.5     548.     ]
 [478.5     560.5    ]
 [475.      542.5    ]
 [447.66666 561.     ]
 [490.      574.     ]
 [548.5     419.     ]
 [558.      398.5    ]
 [549.      434.     ]
 [476.      580.     ]
 [420.      451.     ]]"
